Comunidades autónomas;Tipología penal;Periodos:;Total
TOTAL NACIONAL;I. CRIMINALIDAD CONVENCIONAL;enero-septiembre 2024;1.505.829
TOTAL NACIONAL;I. CRIMINALIDAD CONVENCIONAL;enero-septiembre 2025;1.496.618
TOTAL NACIONAL;I. CRIMINALIDAD CONVENCIONAL;Variación % 2025/2024;-0,6
TOTAL NACIONAL;1. Homicidios dolosos y asesinatos consumados;enero-septiembre 2024;273
TOTAL NACIONAL;1. Homicidios dolosos y asesinatos consumados;enero-septiembre 2025;273
TOTAL NACIONAL;1. Homicidios dolosos y asesinatos consumados;Variación % 2025/2024;0,0
TOTAL NACIONAL;2. Homicidios dolosos y asesinatos en grado tentativa;enero-septiembre 2024;1.057
TOTAL NACIONAL;2. Homicidios dolosos y asesinatos en grado tentativa;enero-septiembre 2025;1.079
TOTAL NACIONAL;2. Homicidios dolosos y asesinatos en grado tentativa;Variación % 2025/2024;2,1
TOTAL NACIONAL;3. Delitos graves y menos graves de lesiones y riña tumultuaria;enero-septiembre 2024;22.216
TOTAL NACIONAL;3. Delitos graves y menos graves de lesiones y riña tumultuaria;enero-septiembre 2025;23.881
TOTAL NACIONAL;3. Delitos graves y menos graves de lesiones y riña tumultuaria;Variación % 2025/2024;7,5
TOTAL NACIONAL;4. Secuestro;enero-septiembre 2024;77
TOTAL NACIONAL;4. Secuestro;enero-septiembre 2025;87
TOTAL NACIONAL;4. Secuestro;Variación % 2025/2024;13,0
TOTAL NACIONAL;5. Delitos contra la libertad sexual;enero-septiembre 2024;16.025
TOTAL NACIONAL;5. Delitos contra la libertad sexual;enero-septiembre 2025;16.612
TOTAL NACIONAL;5. Delitos contra la libertad sexual;Variación % 2025/2024;3,7
TOTAL NACIONAL;5.1.-Agresión sexual con penetración;enero-septiembre 2024;3.955
TOTAL NACIONAL;5.1.-Agresión sexual con penetración;enero-septiembre 2025;4.137
TOTAL NACIONAL;5.1.-Agresión sexual con penetración;Variación % 2025/2024;4,6
TOTAL NACIONAL;5.2.-Resto de delitos contra la libertad sexual;enero-septiembre 2024;12.070
TOTAL NACIONAL;5.2.-Resto de delitos contra la libertad sexual;enero-septiembre 2025;12.475
TOTAL NACIONAL;5.2.-Resto de delitos contra la libertad sexual;Variación % 2025/2024;3,4
TOTAL NACIONAL;6. Robos con violencia e intimidación;enero-septiembre 2024;47.614
TOTAL NACIONAL;6. Robos con violencia e intimidación;enero-septiembre 2025;47.173
TOTAL NACIONAL;6. Robos con violencia e intimidación;Variación % 2025/2024;-0,9
TOTAL NACIONAL;7. Robos con fuerza en domicilios, establecimientos y otras instalaciones;enero-septiembre 2024;86.842
TOTAL NACIONAL;7. Robos con fuerza en domicilios, establecimientos y otras instalaciones;enero-septiembre 2025;77.600
TOTAL NACIONAL;7. Robos con fuerza en domicilios, establecimientos y otras instalaciones;Variación % 2025/2024;-10,6
TOTAL NACIONAL;7.1.-Robos con fuerza en domicilios;enero-septiembre 2024;61.129
TOTAL NACIONAL;7.1.-Robos con fuerza en domicilios;enero-septiembre 2025;54.979
TOTAL NACIONAL;7.1.-Robos con fuerza en domicilios;Variación % 2025/2024;-10,1
TOTAL NACIONAL;8. Hurtos;enero-septiembre 2024;491.291
TOTAL NACIONAL;8. Hurtos;enero-septiembre 2025;480.249
TOTAL NACIONAL;8. Hurtos;Variación % 2025/2024;-2,2
TOTAL NACIONAL;9. Sustracciones de vehículos;enero-septiembre 2024;24.774
TOTAL NACIONAL;9. Sustracciones de vehículos;enero-septiembre 2025;24.478
TOTAL NACIONAL;9. Sustracciones de vehículos;Variación % 2025/2024;-1,2
TOTAL NACIONAL;10. Tráfico de drogas;enero-septiembre 2024;16.392
TOTAL NACIONAL;10. Tráfico de drogas;enero-septiembre 2025;17.093
TOTAL NACIONAL;10. Tráfico de drogas;Variación % 2025/2024;4,3
TOTAL NACIONAL;11. Resto de criminalidad convencional;enero-septiembre 2024;799.268
TOTAL NACIONAL;11. Resto de criminalidad convencional;enero-septiembre 2025;808.093
TOTAL NACIONAL;11. Resto de criminalidad convencional;Variación % 2025/2024;1,1
TOTAL NACIONAL;II. CIBERCRIMINALIDAD (infracciones penales cometidas en/por medio ciber);enero-septiembre 2024;346.631
TOTAL NACIONAL;II. CIBERCRIMINALIDAD (infracciones penales cometidas en/por medio ciber);enero-septiembre 2025;374.259
TOTAL NACIONAL;II. CIBERCRIMINALIDAD (infracciones penales cometidas en/por medio ciber);Variación % 2025/2024;8,0
TOTAL NACIONAL;12.-Estafas informáticas;enero-septiembre 2024;308.073
TOTAL NACIONAL;12.-Estafas informáticas;enero-septiembre 2025;327.856
TOTAL NACIONAL;12.-Estafas informáticas;Variación % 2025/2024;6,4
TOTAL NACIONAL;13.-Otros ciberdelitos;enero-septiembre 2024;38.558
TOTAL NACIONAL;13.-Otros ciberdelitos;enero-septiembre 2025;46.403
TOTAL NACIONAL;13.-Otros ciberdelitos;Variación % 2025/2024;20,3
TOTAL NACIONAL;III. TOTAL INFRACCIONES PENALES;enero-septiembre 2024;1.852.460
TOTAL NACIONAL;III. TOTAL INFRACCIONES PENALES;enero-septiembre 2025;1.870.877
TOTAL NACIONAL;III. TOTAL INFRACCIONES PENALES;Variación % 2025/2024;1,0
ANDALUCÍA;I. CRIMINALIDAD CONVENCIONAL;enero-septiembre 2024;248.875
ANDALUCÍA;I. CRIMINALIDAD CONVENCIONAL;enero-septiembre 2025;247.069
ANDALUCÍA;I. CRIMINALIDAD CONVENCIONAL;Variación % 2025/2024;-0,7
ANDALUCÍA;1. Homicidios dolosos y asesinatos consumados;enero-septiembre 2024;68
ANDALUCÍA;1. Homicidios dolosos y asesinatos consumados;enero-septiembre 2025;71
ANDALUCÍA;1. Homicidios dolosos y asesinatos consumados;Variación % 2025/2024;4,4
ANDALUCÍA;2. Homicidios dolosos y asesinatos en grado tentativa;enero-septiembre 2024;214
ANDALUCÍA;2. Homicidios dolosos y asesinatos en grado tentativa;enero-septiembre 2025;222
ANDALUCÍA;2. Homicidios dolosos y asesinatos en grado tentativa;Variación % 2025/2024;3,7
ANDALUCÍA;3. Delitos graves y menos graves de lesiones y riña tumultuaria;enero-septiembre 2024;4.116
ANDALUCÍA;3. Delitos graves y menos graves de lesiones y riña tumultuaria;enero-septiembre 2025;4.379
ANDALUCÍA;3. Delitos graves y menos graves de lesiones y riña tumultuaria;Variación % 2025/2024;6,4
ANDALUCÍA;4. Secuestro;enero-septiembre 2024;20
ANDALUCÍA;4. Secuestro;enero-septiembre 2025;34
ANDALUCÍA;4. Secuestro;Variación % 2025/2024;70,0
ANDALUCÍA;5. Delitos contra la libertad sexual;enero-septiembre 2024;2.383
ANDALUCÍA;5. Delitos contra la libertad sexual;enero-septiembre 2025;2.397
ANDALUCÍA;5. Delitos contra la libertad sexual;Variación % 2025/2024;0,6
ANDALUCÍA;5.1.-Agresión sexual con penetración;enero-septiembre 2024;476
ANDALUCÍA;5.1.-Agresión sexual con penetración;enero-septiembre 2025;474
ANDALUCÍA;5.1.-Agresión sexual con penetración;Variación % 2025/2024;-0,4
ANDALUCÍA;5.2.-Resto de delitos contra la libertad sexual;enero-septiembre 2024;1.907
ANDALUCÍA;5.2.-Resto de delitos contra la libertad sexual;enero-septiembre 2025;1.923
ANDALUCÍA;5.2.-Resto de delitos contra la libertad sexual;Variación % 2025/2024;0,8
ANDALUCÍA;6. Robos con violencia e intimidación;enero-septiembre 2024;5.626
ANDALUCÍA;6. Robos con violencia e intimidación;enero-septiembre 2025;5.451
ANDALUCÍA;6. Robos con violencia e intimidación;Variación % 2025/2024;-3,1
ANDALUCÍA;7. Robos con fuerza en domicilios, establecimientos y otras instalaciones;enero-septiembre 2024;13.940
ANDALUCÍA;7. Robos con fuerza en domicilios, establecimientos y otras instalaciones;enero-septiembre 2025;11.906
ANDALUCÍA;7. Robos con fuerza en domicilios, establecimientos y otras instalaciones;Variación % 2025/2024;-14,6
ANDALUCÍA;7.1.-Robos con fuerza en domicilios;enero-septiembre 2024;9.878
ANDALUCÍA;7.1.-Robos con fuerza en domicilios;enero-septiembre 2025;8.332
ANDALUCÍA;7.1.-Robos con fuerza en domicilios;Variación % 2025/2024;-15,7
ANDALUCÍA;8. Hurtos;enero-septiembre 2024;70.407
ANDALUCÍA;8. Hurtos;enero-septiembre 2025;67.111
ANDALUCÍA;8. Hurtos;Variación % 2025/2024;-4,7
ANDALUCÍA;9. Sustracciones de vehículos;enero-septiembre 2024;4.556
ANDALUCÍA;9. Sustracciones de vehículos;enero-septiembre 2025;4.660
ANDALUCÍA;9. Sustracciones de vehículos;Variación % 2025/2024;2,3
ANDALUCÍA;10. Tráfico de drogas;enero-septiembre 2024;3.330
ANDALUCÍA;10. Tráfico de drogas;enero-septiembre 2025;3.142
ANDALUCÍA;10. Tráfico de drogas;Variación % 2025/2024;-5,6
ANDALUCÍA;11. Resto de criminalidad convencional;enero-septiembre 2024;144.215
ANDALUCÍA;11. Resto de criminalidad convencional;enero-septiembre 2025;147.696
ANDALUCÍA;11. Resto de criminalidad convencional;Variación % 2025/2024;2,4
ANDALUCÍA;II. CIBERCRIMINALIDAD (infracciones penales cometidas en/por medio ciber);enero-septiembre 2024;60.474
ANDALUCÍA;II. CIBERCRIMINALIDAD (infracciones penales cometidas en/por medio ciber);enero-septiembre 2025;68.556
ANDALUCÍA;II. CIBERCRIMINALIDAD (infracciones penales cometidas en/por medio ciber);Variación % 2025/2024;13,4
ANDALUCÍA;12.-Estafas informáticas;enero-septiembre 2024;52.887
ANDALUCÍA;12.-Estafas informáticas;enero-septiembre 2025;58.988
ANDALUCÍA;12.-Estafas informáticas;Variación % 2025/2024;11,5
ANDALUCÍA;13.-Otros ciberdelitos;enero-septiembre 2024;7.587
ANDALUCÍA;13.-Otros ciberdelitos;enero-septiembre 2025;9.568
ANDALUCÍA;13.-Otros ciberdelitos;Variación % 2025/2024;26,1
ANDALUCÍA;III. TOTAL INFRACCIONES PENALES;enero-septiembre 2024;309.349
ANDALUCÍA;III. TOTAL INFRACCIONES PENALES;enero-septiembre 2025;315.625
ANDALUCÍA;III. TOTAL INFRACCIONES PENALES;Variación % 2025/2024;2,0
ARAGÓN;I. CRIMINALIDAD CONVENCIONAL;enero-septiembre 2024;30.344
ARAGÓN;I. CRIMINALIDAD CONVENCIONAL;enero-septiembre 2025;31.099
ARAGÓN;I. CRIMINALIDAD CONVENCIONAL;Variación % 2025/2024;2,5
ARAGÓN;1. Homicidios dolosos y asesinatos consumados;enero-septiembre 2024;7
ARAGÓN;1. Homicidios dolosos y asesinatos consumados;enero-septiembre 2025;1
ARAGÓN;1. Homicidios dolosos y asesinatos consumados;Variación % 2025/2024;-85,7
ARAGÓN;2. Homicidios dolosos y asesinatos en grado tentativa;enero-septiembre 2024;22
ARAGÓN;2. Homicidios dolosos y asesinatos en grado tentativa;enero-septiembre 2025;24
ARAGÓN;2. Homicidios dolosos y asesinatos en grado tentativa;Variación % 2025/2024;9,1
ARAGÓN;3. Delitos graves y menos graves de lesiones y riña tumultuaria;enero-septiembre 2024;581
ARAGÓN;3. Delitos graves y menos graves de lesiones y riña tumultuaria;enero-septiembre 2025;649
ARAGÓN;3. Delitos graves y menos graves de lesiones y riña tumultuaria;Variación % 2025/2024;11,7
ARAGÓN;4. Secuestro;enero-septiembre 2024;0
ARAGÓN;4. Secuestro;enero-septiembre 2025;1
ARAGÓN;4. Secuestro;Variación % 2025/2024;100,0
ARAGÓN;5. Delitos contra la libertad sexual;enero-septiembre 2024;337
ARAGÓN;5. Delitos contra la libertad sexual;enero-septiembre 2025;355
ARAGÓN;5. Delitos contra la libertad sexual;Variación % 2025/2024;5,3
ARAGÓN;5.1.-Agresión sexual con penetración;enero-septiembre 2024;70
ARAGÓN;5.1.-Agresión sexual con penetración;enero-septiembre 2025;79
ARAGÓN;5.1.-Agresión sexual con penetración;Variación % 2025/2024;12,9
ARAGÓN;5.2.-Resto de delitos contra la libertad sexual;enero-septiembre 2024;267
ARAGÓN;5.2.-Resto de delitos contra la libertad sexual;enero-septiembre 2025;276
ARAGÓN;5.2.-Resto de delitos contra la libertad sexual;Variación % 2025/2024;3,4
ARAGÓN;6. Robos con violencia e intimidación;enero-septiembre 2024;997
ARAGÓN;6. Robos con violencia e intimidación;enero-septiembre 2025;962
ARAGÓN;6. Robos con violencia e intimidación;Variación % 2025/2024;-3,5
ARAGÓN;7. Robos con fuerza en domicilios, establecimientos y otras instalaciones;enero-septiembre 2024;1.947
ARAGÓN;7. Robos con fuerza en domicilios, establecimientos y otras instalaciones;enero-septiembre 2025;1.533
ARAGÓN;7. Robos con fuerza en domicilios, establecimientos y otras instalaciones;Variación % 2025/2024;-21,3
ARAGÓN;7.1.-Robos con fuerza en domicilios;enero-septiembre 2024;1.448
ARAGÓN;7.1.-Robos con fuerza en domicilios;enero-septiembre 2025;1.075
ARAGÓN;7.1.-Robos con fuerza en domicilios;Variación % 2025/2024;-25,8
ARAGÓN;8. Hurtos;enero-septiembre 2024;8.395
ARAGÓN;8. Hurtos;enero-septiembre 2025;8.712
ARAGÓN;8. Hurtos;Variación % 2025/2024;3,8
ARAGÓN;9. Sustracciones de vehículos;enero-septiembre 2024;208
ARAGÓN;9. Sustracciones de vehículos;enero-septiembre 2025;207
ARAGÓN;9. Sustracciones de vehículos;Variación % 2025/2024;-0,5
ARAGÓN;10. Tráfico de drogas;enero-septiembre 2024;376
ARAGÓN;10. Tráfico de drogas;enero-septiembre 2025;356
ARAGÓN;10. Tráfico de drogas;Variación % 2025/2024;-5,3
ARAGÓN;11. Resto de criminalidad convencional;enero-septiembre 2024;17.474
ARAGÓN;11. Resto de criminalidad convencional;enero-septiembre 2025;18.299
ARAGÓN;11. Resto de criminalidad convencional;Variación % 2025/2024;4,7
ARAGÓN;II. CIBERCRIMINALIDAD (infracciones penales cometidas en/por medio ciber);enero-septiembre 2024;9.105
ARAGÓN;II. CIBERCRIMINALIDAD (infracciones penales cometidas en/por medio ciber);enero-septiembre 2025;10.522
ARAGÓN;II. CIBERCRIMINALIDAD (infracciones penales cometidas en/por medio ciber);Variación % 2025/2024;15,6
ARAGÓN;12.-Estafas informáticas;enero-septiembre 2024;8.122
ARAGÓN;12.-Estafas informáticas;enero-septiembre 2025;9.297
ARAGÓN;12.-Estafas informáticas;Variación % 2025/2024;14,5
ARAGÓN;13.-Otros ciberdelitos;enero-septiembre 2024;983
ARAGÓN;13.-Otros ciberdelitos;enero-septiembre 2025;1.225
ARAGÓN;13.-Otros ciberdelitos;Variación % 2025/2024;24,6
ARAGÓN;III. TOTAL INFRACCIONES PENALES;enero-septiembre 2024;39.449
ARAGÓN;III. TOTAL INFRACCIONES PENALES;enero-septiembre 2025;41.621
ARAGÓN;III. TOTAL INFRACCIONES PENALES;Variación % 2025/2024;5,5
ASTURIAS (PRINCIPADO DE);I. CRIMINALIDAD CONVENCIONAL;enero-septiembre 2024;19.053
ASTURIAS (PRINCIPADO DE);I. CRIMINALIDAD CONVENCIONAL;enero-septiembre 2025;20.179
ASTURIAS (PRINCIPADO DE);I. CRIMINALIDAD CONVENCIONAL;Variación % 2025/2024;5,9
ASTURIAS (PRINCIPADO DE);1. Homicidios dolosos y asesinatos consumados;enero-septiembre 2024;4
ASTURIAS (PRINCIPADO DE);1. Homicidios dolosos y asesinatos consumados;enero-septiembre 2025;7
ASTURIAS (PRINCIPADO DE);1. Homicidios dolosos y asesinatos consumados;Variación % 2025/2024;75,0
ASTURIAS (PRINCIPADO DE);2. Homicidios dolosos y asesinatos en grado tentativa;enero-septiembre 2024;13
ASTURIAS (PRINCIPADO DE);2. Homicidios dolosos y asesinatos en grado tentativa;enero-septiembre 2025;9
ASTURIAS (PRINCIPADO DE);2. Homicidios dolosos y asesinatos en grado tentativa;Variación % 2025/2024;-30,8
ASTURIAS (PRINCIPADO DE);3. Delitos graves y menos graves de lesiones y riña tumultuaria;enero-septiembre 2024;337
ASTURIAS (PRINCIPADO DE);3. Delitos graves y menos graves de lesiones y riña tumultuaria;enero-septiembre 2025;376
ASTURIAS (PRINCIPADO DE);3. Delitos graves y menos graves de lesiones y riña tumultuaria;Variación % 2025/2024;11,6
ASTURIAS (PRINCIPADO DE);4. Secuestro;enero-septiembre 2024;2
ASTURIAS (PRINCIPADO DE);4. Secuestro;enero-septiembre 2025;1
ASTURIAS (PRINCIPADO DE);4. Secuestro;Variación % 2025/2024;-50,0
ASTURIAS (PRINCIPADO DE);5. Delitos contra la libertad sexual;enero-septiembre 2024;218
ASTURIAS (PRINCIPADO DE);5. Delitos contra la libertad sexual;enero-septiembre 2025;261
ASTURIAS (PRINCIPADO DE);5. Delitos contra la libertad sexual;Variación % 2025/2024;19,7
ASTURIAS (PRINCIPADO DE);5.1.-Agresión sexual con penetración;enero-septiembre 2024;50
ASTURIAS (PRINCIPADO DE);5.1.-Agresión sexual con penetración;enero-septiembre 2025;53
ASTURIAS (PRINCIPADO DE);5.1.-Agresión sexual con penetración;Variación % 2025/2024;6,0
ASTURIAS (PRINCIPADO DE);5.2.-Resto de delitos contra la libertad sexual;enero-septiembre 2024;168
ASTURIAS (PRINCIPADO DE);5.2.-Resto de delitos contra la libertad sexual;enero-septiembre 2025;208
ASTURIAS (PRINCIPADO DE);5.2.-Resto de delitos contra la libertad sexual;Variación % 2025/2024;23,8
ASTURIAS (PRINCIPADO DE);6. Robos con violencia e intimidación;enero-septiembre 2024;259
ASTURIAS (PRINCIPADO DE);6. Robos con violencia e intimidación;enero-septiembre 2025;365
ASTURIAS (PRINCIPADO DE);6. Robos con violencia e intimidación;Variación % 2025/2024;40,9
ASTURIAS (PRINCIPADO DE);7. Robos con fuerza en domicilios, establecimientos y otras instalaciones;enero-septiembre 2024;953
ASTURIAS (PRINCIPADO DE);7. Robos con fuerza en domicilios, establecimientos y otras instalaciones;enero-septiembre 2025;1.029
ASTURIAS (PRINCIPADO DE);7. Robos con fuerza en domicilios, establecimientos y otras instalaciones;Variación % 2025/2024;8,0
ASTURIAS (PRINCIPADO DE);7.1.-Robos con fuerza en domicilios;enero-septiembre 2024;539
ASTURIAS (PRINCIPADO DE);7.1.-Robos con fuerza en domicilios;enero-septiembre 2025;639
ASTURIAS (PRINCIPADO DE);7.1.-Robos con fuerza en domicilios;Variación % 2025/2024;18,6
ASTURIAS (PRINCIPADO DE);8. Hurtos;enero-septiembre 2024;5.800
ASTURIAS (PRINCIPADO DE);8. Hurtos;enero-septiembre 2025;5.973
ASTURIAS (PRINCIPADO DE);8. Hurtos;Variación % 2025/2024;3,0
ASTURIAS (PRINCIPADO DE);9. Sustracciones de vehículos;enero-septiembre 2024;157
ASTURIAS (PRINCIPADO DE);9. Sustracciones de vehículos;enero-septiembre 2025;164
ASTURIAS (PRINCIPADO DE);9. Sustracciones de vehículos;Variación % 2025/2024;4,5
ASTURIAS (PRINCIPADO DE);10. Tráfico de drogas;enero-septiembre 2024;132
ASTURIAS (PRINCIPADO DE);10. Tráfico de drogas;enero-septiembre 2025;128
ASTURIAS (PRINCIPADO DE);10. Tráfico de drogas;Variación % 2025/2024;-3,0
ASTURIAS (PRINCIPADO DE);11. Resto de criminalidad convencional;enero-septiembre 2024;11.178
ASTURIAS (PRINCIPADO DE);11. Resto de criminalidad convencional;enero-septiembre 2025;11.866
ASTURIAS (PRINCIPADO DE);11. Resto de criminalidad convencional;Variación % 2025/2024;6,2
ASTURIAS (PRINCIPADO DE);II. CIBERCRIMINALIDAD (infracciones penales cometidas en/por medio ciber);enero-septiembre 2024;6.768
ASTURIAS (PRINCIPADO DE);II. CIBERCRIMINALIDAD (infracciones penales cometidas en/por medio ciber);enero-septiembre 2025;7.205
ASTURIAS (PRINCIPADO DE);II. CIBERCRIMINALIDAD (infracciones penales cometidas en/por medio ciber);Variación % 2025/2024;6,5
ASTURIAS (PRINCIPADO DE);12.-Estafas informáticas;enero-septiembre 2024;6.012
ASTURIAS (PRINCIPADO DE);12.-Estafas informáticas;enero-septiembre 2025;6.417
ASTURIAS (PRINCIPADO DE);12.-Estafas informáticas;Variación % 2025/2024;6,7
ASTURIAS (PRINCIPADO DE);13.-Otros ciberdelitos;enero-septiembre 2024;756
ASTURIAS (PRINCIPADO DE);13.-Otros ciberdelitos;enero-septiembre 2025;788
ASTURIAS (PRINCIPADO DE);13.-Otros ciberdelitos;Variación % 2025/2024;4,2
ASTURIAS (PRINCIPADO DE);III. TOTAL INFRACCIONES PENALES;enero-septiembre 2024;25.821
ASTURIAS (PRINCIPADO DE);III. TOTAL INFRACCIONES PENALES;enero-septiembre 2025;27.384
ASTURIAS (PRINCIPADO DE);III. TOTAL INFRACCIONES PENALES;Variación % 2025/2024;6,1
BALEARS (ILLES);I. CRIMINALIDAD CONVENCIONAL;enero-septiembre 2024;53.105
BALEARS (ILLES);I. CRIMINALIDAD CONVENCIONAL;enero-septiembre 2025;55.578
BALEARS (ILLES);I. CRIMINALIDAD CONVENCIONAL;Variación % 2025/2024;4,7
BALEARS (ILLES);1. Homicidios dolosos y asesinatos consumados;enero-septiembre 2024;4
BALEARS (ILLES);1. Homicidios dolosos y asesinatos consumados;enero-septiembre 2025;2
BALEARS (ILLES);1. Homicidios dolosos y asesinatos consumados;Variación % 2025/2024;-50,0
BALEARS (ILLES);2. Homicidios dolosos y asesinatos en grado tentativa;enero-septiembre 2024;26
BALEARS (ILLES);2. Homicidios dolosos y asesinatos en grado tentativa;enero-septiembre 2025;47
BALEARS (ILLES);2. Homicidios dolosos y asesinatos en grado tentativa;Variación % 2025/2024;80,8
BALEARS (ILLES);3. Delitos graves y menos graves de lesiones y riña tumultuaria;enero-septiembre 2024;1.037
BALEARS (ILLES);3. Delitos graves y menos graves de lesiones y riña tumultuaria;enero-septiembre 2025;1.140
BALEARS (ILLES);3. Delitos graves y menos graves de lesiones y riña tumultuaria;Variación % 2025/2024;9,9
BALEARS (ILLES);4. Secuestro;enero-septiembre 2024;4
BALEARS (ILLES);4. Secuestro;enero-septiembre 2025;1
BALEARS (ILLES);4. Secuestro;Variación % 2025/2024;-75,0
BALEARS (ILLES);5. Delitos contra la libertad sexual;enero-septiembre 2024;734
BALEARS (ILLES);5. Delitos contra la libertad sexual;enero-septiembre 2025;704
BALEARS (ILLES);5. Delitos contra la libertad sexual;Variación % 2025/2024;-4,1
BALEARS (ILLES);5.1.-Agresión sexual con penetración;enero-septiembre 2024;119
BALEARS (ILLES);5.1.-Agresión sexual con penetración;enero-septiembre 2025;105
BALEARS (ILLES);5.1.-Agresión sexual con penetración;Variación % 2025/2024;-11,8
BALEARS (ILLES);5.2.-Resto de delitos contra la libertad sexual;enero-septiembre 2024;615
BALEARS (ILLES);5.2.-Resto de delitos contra la libertad sexual;enero-septiembre 2025;599
BALEARS (ILLES);5.2.-Resto de delitos contra la libertad sexual;Variación % 2025/2024;-2,6
BALEARS (ILLES);6. Robos con violencia e intimidación;enero-septiembre 2024;1.117
BALEARS (ILLES);6. Robos con violencia e intimidación;enero-septiembre 2025;1.278
BALEARS (ILLES);6. Robos con violencia e intimidación;Variación % 2025/2024;14,4
BALEARS (ILLES);7. Robos con fuerza en domicilios, establecimientos y otras instalaciones;enero-septiembre 2024;2.124
BALEARS (ILLES);7. Robos con fuerza en domicilios, establecimientos y otras instalaciones;enero-septiembre 2025;1.865
BALEARS (ILLES);7. Robos con fuerza en domicilios, establecimientos y otras instalaciones;Variación % 2025/2024;-12,2
BALEARS (ILLES);7.1.-Robos con fuerza en domicilios;enero-septiembre 2024;1.515
BALEARS (ILLES);7.1.-Robos con fuerza en domicilios;enero-septiembre 2025;1.380
BALEARS (ILLES);7.1.-Robos con fuerza en domicilios;Variación % 2025/2024;-8,9
BALEARS (ILLES);8. Hurtos;enero-septiembre 2024;19.572
BALEARS (ILLES);8. Hurtos;enero-septiembre 2025;22.024
BALEARS (ILLES);8. Hurtos;Variación % 2025/2024;12,5
BALEARS (ILLES);9. Sustracciones de vehículos;enero-septiembre 2024;1.361
BALEARS (ILLES);9. Sustracciones de vehículos;enero-septiembre 2025;1.183
BALEARS (ILLES);9. Sustracciones de vehículos;Variación % 2025/2024;-13,1
BALEARS (ILLES);10. Tráfico de drogas;enero-septiembre 2024;653
BALEARS (ILLES);10. Tráfico de drogas;enero-septiembre 2025;689
BALEARS (ILLES);10. Tráfico de drogas;Variación % 2025/2024;5,5
BALEARS (ILLES);11. Resto de criminalidad convencional;enero-septiembre 2024;26.473
BALEARS (ILLES);11. Resto de criminalidad convencional;enero-septiembre 2025;26.645
BALEARS (ILLES);11. Resto de criminalidad convencional;Variación % 2025/2024;0,6
BALEARS (ILLES);II. CIBERCRIMINALIDAD (infracciones penales cometidas en/por medio ciber);enero-septiembre 2024;9.736
BALEARS (ILLES);II. CIBERCRIMINALIDAD (infracciones penales cometidas en/por medio ciber);enero-septiembre 2025;10.306
BALEARS (ILLES);II. CIBERCRIMINALIDAD (infracciones penales cometidas en/por medio ciber);Variación % 2025/2024;5,9
BALEARS (ILLES);12.-Estafas informáticas;enero-septiembre 2024;8.625
BALEARS (ILLES);12.-Estafas informáticas;enero-septiembre 2025;9.077
BALEARS (ILLES);12.-Estafas informáticas;Variación % 2025/2024;5,2
BALEARS (ILLES);13.-Otros ciberdelitos;enero-septiembre 2024;1.111
BALEARS (ILLES);13.-Otros ciberdelitos;enero-septiembre 2025;1.229
BALEARS (ILLES);13.-Otros ciberdelitos;Variación % 2025/2024;10,6
BALEARS (ILLES);III. TOTAL INFRACCIONES PENALES;enero-septiembre 2024;62.841
BALEARS (ILLES);III. TOTAL INFRACCIONES PENALES;enero-septiembre 2025;65.884
BALEARS (ILLES);III. TOTAL INFRACCIONES PENALES;Variación % 2025/2024;4,8
CANARIAS;I. CRIMINALIDAD CONVENCIONAL;enero-septiembre 2024;67.933
CANARIAS;I. CRIMINALIDAD CONVENCIONAL;enero-septiembre 2025;70.034
CANARIAS;I. CRIMINALIDAD CONVENCIONAL;Variación % 2025/2024;3,1
CANARIAS;1. Homicidios dolosos y asesinatos consumados;enero-septiembre 2024;10
CANARIAS;1. Homicidios dolosos y asesinatos consumados;enero-septiembre 2025;25
CANARIAS;1. Homicidios dolosos y asesinatos consumados;Variación % 2025/2024;150,0
CANARIAS;2. Homicidios dolosos y asesinatos en grado tentativa;enero-septiembre 2024;36
CANARIAS;2. Homicidios dolosos y asesinatos en grado tentativa;enero-septiembre 2025;41
CANARIAS;2. Homicidios dolosos y asesinatos en grado tentativa;Variación % 2025/2024;13,9
CANARIAS;3. Delitos graves y menos graves de lesiones y riña tumultuaria;enero-septiembre 2024;1.049
CANARIAS;3. Delitos graves y menos graves de lesiones y riña tumultuaria;enero-septiembre 2025;1.136
CANARIAS;3. Delitos graves y menos graves de lesiones y riña tumultuaria;Variación % 2025/2024;8,3
CANARIAS;4. Secuestro;enero-septiembre 2024;0
CANARIAS;4. Secuestro;enero-septiembre 2025;4
CANARIAS;4. Secuestro;Variación % 2025/2024;100,0
CANARIAS;5. Delitos contra la libertad sexual;enero-septiembre 2024;932
CANARIAS;5. Delitos contra la libertad sexual;enero-septiembre 2025;822
CANARIAS;5. Delitos contra la libertad sexual;Variación % 2025/2024;-11,8
CANARIAS;5.1.-Agresión sexual con penetración;enero-septiembre 2024;189
CANARIAS;5.1.-Agresión sexual con penetración;enero-septiembre 2025;154
CANARIAS;5.1.-Agresión sexual con penetración;Variación % 2025/2024;-18,5
CANARIAS;5.2.-Resto de delitos contra la libertad sexual;enero-septiembre 2024;743
CANARIAS;5.2.-Resto de delitos contra la libertad sexual;enero-septiembre 2025;668
CANARIAS;5.2.-Resto de delitos contra la libertad sexual;Variación % 2025/2024;-10,1
CANARIAS;6. Robos con violencia e intimidación;enero-septiembre 2024;1.300
CANARIAS;6. Robos con violencia e intimidación;enero-septiembre 2025;1.467
CANARIAS;6. Robos con violencia e intimidación;Variación % 2025/2024;12,8
CANARIAS;7. Robos con fuerza en domicilios, establecimientos y otras instalaciones;enero-septiembre 2024;2.284
CANARIAS;7. Robos con fuerza en domicilios, establecimientos y otras instalaciones;enero-septiembre 2025;2.215
CANARIAS;7. Robos con fuerza en domicilios, establecimientos y otras instalaciones;Variación % 2025/2024;-3,0
CANARIAS;7.1.-Robos con fuerza en domicilios;enero-septiembre 2024;1.401
CANARIAS;7.1.-Robos con fuerza en domicilios;enero-septiembre 2025;1.265
CANARIAS;7.1.-Robos con fuerza en domicilios;Variación % 2025/2024;-9,7
CANARIAS;8. Hurtos;enero-septiembre 2024;21.154
CANARIAS;8. Hurtos;enero-septiembre 2025;21.889
CANARIAS;8. Hurtos;Variación % 2025/2024;3,5
CANARIAS;9. Sustracciones de vehículos;enero-septiembre 2024;1.209
CANARIAS;9. Sustracciones de vehículos;enero-septiembre 2025;1.066
CANARIAS;9. Sustracciones de vehículos;Variación % 2025/2024;-11,8
CANARIAS;10. Tráfico de drogas;enero-septiembre 2024;566
CANARIAS;10. Tráfico de drogas;enero-septiembre 2025;620
CANARIAS;10. Tráfico de drogas;Variación % 2025/2024;9,5
CANARIAS;11. Resto de criminalidad convencional;enero-septiembre 2024;39.393
CANARIAS;11. Resto de criminalidad convencional;enero-septiembre 2025;40.749
CANARIAS;11. Resto de criminalidad convencional;Variación % 2025/2024;3,4
CANARIAS;II. CIBERCRIMINALIDAD (infracciones penales cometidas en/por medio ciber);enero-septiembre 2024;12.774
CANARIAS;II. CIBERCRIMINALIDAD (infracciones penales cometidas en/por medio ciber);enero-septiembre 2025;13.324
CANARIAS;II. CIBERCRIMINALIDAD (infracciones penales cometidas en/por medio ciber);Variación % 2025/2024;4,3
CANARIAS;12.-Estafas informáticas;enero-septiembre 2024;11.277
CANARIAS;12.-Estafas informáticas;enero-septiembre 2025;11.495
CANARIAS;12.-Estafas informáticas;Variación % 2025/2024;1,9
CANARIAS;13.-Otros ciberdelitos;enero-septiembre 2024;1.497
CANARIAS;13.-Otros ciberdelitos;enero-septiembre 2025;1.829
CANARIAS;13.-Otros ciberdelitos;Variación % 2025/2024;22,2
CANARIAS;III. TOTAL INFRACCIONES PENALES;enero-septiembre 2024;80.707
CANARIAS;III. TOTAL INFRACCIONES PENALES;enero-septiembre 2025;83.358
CANARIAS;III. TOTAL INFRACCIONES PENALES;Variación % 2025/2024;3,3
CANTABRIA;I. CRIMINALIDAD CONVENCIONAL;enero-septiembre 2024;14.028
CANTABRIA;I. CRIMINALIDAD CONVENCIONAL;enero-septiembre 2025;14.104
CANTABRIA;I. CRIMINALIDAD CONVENCIONAL;Variación % 2025/2024;0,5
CANTABRIA;1. Homicidios dolosos y asesinatos consumados;enero-septiembre 2024;3
CANTABRIA;1. Homicidios dolosos y asesinatos consumados;enero-septiembre 2025;0
CANTABRIA;1. Homicidios dolosos y asesinatos consumados;Variación % 2025/2024;-100,0
CANTABRIA;2. Homicidios dolosos y asesinatos en grado tentativa;enero-septiembre 2024;11
CANTABRIA;2. Homicidios dolosos y asesinatos en grado tentativa;enero-septiembre 2025;5
CANTABRIA;2. Homicidios dolosos y asesinatos en grado tentativa;Variación % 2025/2024;-54,5
CANTABRIA;3. Delitos graves y menos graves de lesiones y riña tumultuaria;enero-septiembre 2024;296
CANTABRIA;3. Delitos graves y menos graves de lesiones y riña tumultuaria;enero-septiembre 2025;315
CANTABRIA;3. Delitos graves y menos graves de lesiones y riña tumultuaria;Variación % 2025/2024;6,4
CANTABRIA;4. Secuestro;enero-septiembre 2024;1
CANTABRIA;4. Secuestro;enero-septiembre 2025;1
CANTABRIA;4. Secuestro;Variación % 2025/2024;0,0
CANTABRIA;5. Delitos contra la libertad sexual;enero-septiembre 2024;124
CANTABRIA;5. Delitos contra la libertad sexual;enero-septiembre 2025;138
CANTABRIA;5. Delitos contra la libertad sexual;Variación % 2025/2024;11,3
CANTABRIA;5.1.-Agresión sexual con penetración;enero-septiembre 2024;33
CANTABRIA;5.1.-Agresión sexual con penetración;enero-septiembre 2025;34
CANTABRIA;5.1.-Agresión sexual con penetración;Variación % 2025/2024;3,0
CANTABRIA;5.2.-Resto de delitos contra la libertad sexual;enero-septiembre 2024;91
CANTABRIA;5.2.-Resto de delitos contra la libertad sexual;enero-septiembre 2025;104
CANTABRIA;5.2.-Resto de delitos contra la libertad sexual;Variación % 2025/2024;14,3
CANTABRIA;6. Robos con violencia e intimidación;enero-septiembre 2024;172
CANTABRIA;6. Robos con violencia e intimidación;enero-septiembre 2025;172
CANTABRIA;6. Robos con violencia e intimidación;Variación % 2025/2024;0,0
CANTABRIA;7. Robos con fuerza en domicilios, establecimientos y otras instalaciones;enero-septiembre 2024;1.162
CANTABRIA;7. Robos con fuerza en domicilios, establecimientos y otras instalaciones;enero-septiembre 2025;986
CANTABRIA;7. Robos con fuerza en domicilios, establecimientos y otras instalaciones;Variación % 2025/2024;-15,1
CANTABRIA;7.1.-Robos con fuerza en domicilios;enero-septiembre 2024;805
CANTABRIA;7.1.-Robos con fuerza en domicilios;enero-septiembre 2025;715
CANTABRIA;7.1.-Robos con fuerza en domicilios;Variación % 2025/2024;-11,2
CANTABRIA;8. Hurtos;enero-septiembre 2024;3.648
CANTABRIA;8. Hurtos;enero-septiembre 2025;3.908
CANTABRIA;8. Hurtos;Variación % 2025/2024;7,1
CANTABRIA;9. Sustracciones de vehículos;enero-septiembre 2024;128
CANTABRIA;9. Sustracciones de vehículos;enero-septiembre 2025;107
CANTABRIA;9. Sustracciones de vehículos;Variación % 2025/2024;-16,4
CANTABRIA;10. Tráfico de drogas;enero-septiembre 2024;61
CANTABRIA;10. Tráfico de drogas;enero-septiembre 2025;60
CANTABRIA;10. Tráfico de drogas;Variación % 2025/2024;-1,6
CANTABRIA;11. Resto de criminalidad convencional;enero-septiembre 2024;8.422
CANTABRIA;11. Resto de criminalidad convencional;enero-septiembre 2025;8.412
CANTABRIA;11. Resto de criminalidad convencional;Variación % 2025/2024;-0,1
CANTABRIA;II. CIBERCRIMINALIDAD (infracciones penales cometidas en/por medio ciber);enero-septiembre 2024;4.747
CANTABRIA;II. CIBERCRIMINALIDAD (infracciones penales cometidas en/por medio ciber);enero-septiembre 2025;5.341
CANTABRIA;II. CIBERCRIMINALIDAD (infracciones penales cometidas en/por medio ciber);Variación % 2025/2024;12,5
CANTABRIA;12.-Estafas informáticas;enero-septiembre 2024;4.185
CANTABRIA;12.-Estafas informáticas;enero-septiembre 2025;4.711
CANTABRIA;12.-Estafas informáticas;Variación % 2025/2024;12,6
CANTABRIA;13.-Otros ciberdelitos;enero-septiembre 2024;562
CANTABRIA;13.-Otros ciberdelitos;enero-septiembre 2025;630
CANTABRIA;13.-Otros ciberdelitos;Variación % 2025/2024;12,1
CANTABRIA;III. TOTAL INFRACCIONES PENALES;enero-septiembre 2024;18.775
CANTABRIA;III. TOTAL INFRACCIONES PENALES;enero-septiembre 2025;19.445
CANTABRIA;III. TOTAL INFRACCIONES PENALES;Variación % 2025/2024;3,6
CASTILLA Y LEÓN;I. CRIMINALIDAD CONVENCIONAL;enero-septiembre 2024;49.509
CASTILLA Y LEÓN;I. CRIMINALIDAD CONVENCIONAL;enero-septiembre 2025;50.894
CASTILLA Y LEÓN;I. CRIMINALIDAD CONVENCIONAL;Variación % 2025/2024;2,8
CASTILLA Y LEÓN;1. Homicidios dolosos y asesinatos consumados;enero-septiembre 2024;7
CASTILLA Y LEÓN;1. Homicidios dolosos y asesinatos consumados;enero-septiembre 2025;12
CASTILLA Y LEÓN;1. Homicidios dolosos y asesinatos consumados;Variación % 2025/2024;71,4
CASTILLA Y LEÓN;2. Homicidios dolosos y asesinatos en grado tentativa;enero-septiembre 2024;38
CASTILLA Y LEÓN;2. Homicidios dolosos y asesinatos en grado tentativa;enero-septiembre 2025;30
CASTILLA Y LEÓN;2. Homicidios dolosos y asesinatos en grado tentativa;Variación % 2025/2024;-21,1
CASTILLA Y LEÓN;3. Delitos graves y menos graves de lesiones y riña tumultuaria;enero-septiembre 2024;823
CASTILLA Y LEÓN;3. Delitos graves y menos graves de lesiones y riña tumultuaria;enero-septiembre 2025;900
CASTILLA Y LEÓN;3. Delitos graves y menos graves de lesiones y riña tumultuaria;Variación % 2025/2024;9,4
CASTILLA Y LEÓN;4. Secuestro;enero-septiembre 2024;2
CASTILLA Y LEÓN;4. Secuestro;enero-septiembre 2025;1
CASTILLA Y LEÓN;4. Secuestro;Variación % 2025/2024;-50,0
CASTILLA Y LEÓN;5. Delitos contra la libertad sexual;enero-septiembre 2024;508
CASTILLA Y LEÓN;5. Delitos contra la libertad sexual;enero-septiembre 2025;532
CASTILLA Y LEÓN;5. Delitos contra la libertad sexual;Variación % 2025/2024;4,7
CASTILLA Y LEÓN;5.1.-Agresión sexual con penetración;enero-septiembre 2024;104
CASTILLA Y LEÓN;5.1.-Agresión sexual con penetración;enero-septiembre 2025;119
CASTILLA Y LEÓN;5.1.-Agresión sexual con penetración;Variación % 2025/2024;14,4
CASTILLA Y LEÓN;5.2.-Resto de delitos contra la libertad sexual;enero-septiembre 2024;404
CASTILLA Y LEÓN;5.2.-Resto de delitos contra la libertad sexual;enero-septiembre 2025;413
CASTILLA Y LEÓN;5.2.-Resto de delitos contra la libertad sexual;Variación % 2025/2024;2,2
CASTILLA Y LEÓN;6. Robos con violencia e intimidación;enero-septiembre 2024;578
CASTILLA Y LEÓN;6. Robos con violencia e intimidación;enero-septiembre 2025;537
CASTILLA Y LEÓN;6. Robos con violencia e intimidación;Variación % 2025/2024;-7,1
CASTILLA Y LEÓN;7. Robos con fuerza en domicilios, establecimientos y otras instalaciones;enero-septiembre 2024;3.199
CASTILLA Y LEÓN;7. Robos con fuerza en domicilios, establecimientos y otras instalaciones;enero-septiembre 2025;2.977
CASTILLA Y LEÓN;7. Robos con fuerza en domicilios, establecimientos y otras instalaciones;Variación % 2025/2024;-6,9
CASTILLA Y LEÓN;7.1.-Robos con fuerza en domicilios;enero-septiembre 2024;2.261
CASTILLA Y LEÓN;7.1.-Robos con fuerza en domicilios;enero-septiembre 2025;2.143
CASTILLA Y LEÓN;7.1.-Robos con fuerza en domicilios;Variación % 2025/2024;-5,2
CASTILLA Y LEÓN;8. Hurtos;enero-septiembre 2024;13.033
CASTILLA Y LEÓN;8. Hurtos;enero-septiembre 2025;13.200
CASTILLA Y LEÓN;8. Hurtos;Variación % 2025/2024;1,3
CASTILLA Y LEÓN;9. Sustracciones de vehículos;enero-septiembre 2024;416
CASTILLA Y LEÓN;9. Sustracciones de vehículos;enero-septiembre 2025;336
CASTILLA Y LEÓN;9. Sustracciones de vehículos;Variación % 2025/2024;-19,2
CASTILLA Y LEÓN;10. Tráfico de drogas;enero-septiembre 2024;317
CASTILLA Y LEÓN;10. Tráfico de drogas;enero-septiembre 2025;292
CASTILLA Y LEÓN;10. Tráfico de drogas;Variación % 2025/2024;-7,9
CASTILLA Y LEÓN;11. Resto de criminalidad convencional;enero-septiembre 2024;30.588
CASTILLA Y LEÓN;11. Resto de criminalidad convencional;enero-septiembre 2025;32.077
CASTILLA Y LEÓN;11. Resto de criminalidad convencional;Variación % 2025/2024;4,9
CASTILLA Y LEÓN;II. CIBERCRIMINALIDAD (infracciones penales cometidas en/por medio ciber);enero-septiembre 2024;18.637
CASTILLA Y LEÓN;II. CIBERCRIMINALIDAD (infracciones penales cometidas en/por medio ciber);enero-septiembre 2025;21.384
CASTILLA Y LEÓN;II. CIBERCRIMINALIDAD (infracciones penales cometidas en/por medio ciber);Variación % 2025/2024;14,7
CASTILLA Y LEÓN;12.-Estafas informáticas;enero-septiembre 2024;16.355
CASTILLA Y LEÓN;12.-Estafas informáticas;enero-septiembre 2025;18.716
CASTILLA Y LEÓN;12.-Estafas informáticas;Variación % 2025/2024;14,4
CASTILLA Y LEÓN;13.-Otros ciberdelitos;enero-septiembre 2024;2.282
CASTILLA Y LEÓN;13.-Otros ciberdelitos;enero-septiembre 2025;2.668
CASTILLA Y LEÓN;13.-Otros ciberdelitos;Variación % 2025/2024;16,9
CASTILLA Y LEÓN;III. TOTAL INFRACCIONES PENALES;enero-septiembre 2024;68.146
CASTILLA Y LEÓN;III. TOTAL INFRACCIONES PENALES;enero-septiembre 2025;72.278
CASTILLA Y LEÓN;III. TOTAL INFRACCIONES PENALES;Variación % 2025/2024;6,1
CASTILLA - LA MANCHA;I. CRIMINALIDAD CONVENCIONAL;enero-septiembre 2024;48.818
CASTILLA - LA MANCHA;I. CRIMINALIDAD CONVENCIONAL;enero-septiembre 2025;49.620
CASTILLA - LA MANCHA;I. CRIMINALIDAD CONVENCIONAL;Variación % 2025/2024;1,6
CASTILLA - LA MANCHA;1. Homicidios dolosos y asesinatos consumados;enero-septiembre 2024;11
CASTILLA - LA MANCHA;1. Homicidios dolosos y asesinatos consumados;enero-septiembre 2025;7
CASTILLA - LA MANCHA;1. Homicidios dolosos y asesinatos consumados;Variación % 2025/2024;-36,4
CASTILLA - LA MANCHA;2. Homicidios dolosos y asesinatos en grado tentativa;enero-septiembre 2024;41
CASTILLA - LA MANCHA;2. Homicidios dolosos y asesinatos en grado tentativa;enero-septiembre 2025;40
CASTILLA - LA MANCHA;2. Homicidios dolosos y asesinatos en grado tentativa;Variación % 2025/2024;-2,4
CASTILLA - LA MANCHA;3. Delitos graves y menos graves de lesiones y riña tumultuaria;enero-septiembre 2024;897
CASTILLA - LA MANCHA;3. Delitos graves y menos graves de lesiones y riña tumultuaria;enero-septiembre 2025;1.047
CASTILLA - LA MANCHA;3. Delitos graves y menos graves de lesiones y riña tumultuaria;Variación % 2025/2024;16,7
CASTILLA - LA MANCHA;4. Secuestro;enero-septiembre 2024;0
CASTILLA - LA MANCHA;4. Secuestro;enero-septiembre 2025;1
CASTILLA - LA MANCHA;4. Secuestro;Variación % 2025/2024;100,0
CASTILLA - LA MANCHA;5. Delitos contra la libertad sexual;enero-septiembre 2024;494
CASTILLA - LA MANCHA;5. Delitos contra la libertad sexual;enero-septiembre 2025;577
CASTILLA - LA MANCHA;5. Delitos contra la libertad sexual;Variación % 2025/2024;16,8
CASTILLA - LA MANCHA;5.1.-Agresión sexual con penetración;enero-septiembre 2024;92
CASTILLA - LA MANCHA;5.1.-Agresión sexual con penetración;enero-septiembre 2025;117
CASTILLA - LA MANCHA;5.1.-Agresión sexual con penetración;Variación % 2025/2024;27,2
CASTILLA - LA MANCHA;5.2.-Resto de delitos contra la libertad sexual;enero-septiembre 2024;402
CASTILLA - LA MANCHA;5.2.-Resto de delitos contra la libertad sexual;enero-septiembre 2025;460
CASTILLA - LA MANCHA;5.2.-Resto de delitos contra la libertad sexual;Variación % 2025/2024;14,4
CASTILLA - LA MANCHA;6. Robos con violencia e intimidación;enero-septiembre 2024;721
CASTILLA - LA MANCHA;6. Robos con violencia e intimidación;enero-septiembre 2025;677
CASTILLA - LA MANCHA;6. Robos con violencia e intimidación;Variación % 2025/2024;-6,1
CASTILLA - LA MANCHA;7. Robos con fuerza en domicilios, establecimientos y otras instalaciones;enero-septiembre 2024;3.711
CASTILLA - LA MANCHA;7. Robos con fuerza en domicilios, establecimientos y otras instalaciones;enero-septiembre 2025;3.131
CASTILLA - LA MANCHA;7. Robos con fuerza en domicilios, establecimientos y otras instalaciones;Variación % 2025/2024;-15,6
CASTILLA - LA MANCHA;7.1.-Robos con fuerza en domicilios;enero-septiembre 2024;2.620
CASTILLA - LA MANCHA;7.1.-Robos con fuerza en domicilios;enero-septiembre 2025;2.119
CASTILLA - LA MANCHA;7.1.-Robos con fuerza en domicilios;Variación % 2025/2024;-19,1
CASTILLA - LA MANCHA;8. Hurtos;enero-septiembre 2024;10.684
CASTILLA - LA MANCHA;8. Hurtos;enero-septiembre 2025;10.581
CASTILLA - LA MANCHA;8. Hurtos;Variación % 2025/2024;-1,0
CASTILLA - LA MANCHA;9. Sustracciones de vehículos;enero-septiembre 2024;537
CASTILLA - LA MANCHA;9. Sustracciones de vehículos;enero-septiembre 2025;534
CASTILLA - LA MANCHA;9. Sustracciones de vehículos;Variación % 2025/2024;-0,6
CASTILLA - LA MANCHA;10. Tráfico de drogas;enero-septiembre 2024;427
CASTILLA - LA MANCHA;10. Tráfico de drogas;enero-septiembre 2025;365
CASTILLA - LA MANCHA;10. Tráfico de drogas;Variación % 2025/2024;-14,5
CASTILLA - LA MANCHA;11. Resto de criminalidad convencional;enero-septiembre 2024;31.295
CASTILLA - LA MANCHA;11. Resto de criminalidad convencional;enero-septiembre 2025;32.660
CASTILLA - LA MANCHA;11. Resto de criminalidad convencional;Variación % 2025/2024;4,4
CASTILLA - LA MANCHA;II. CIBERCRIMINALIDAD (infracciones penales cometidas en/por medio ciber);enero-septiembre 2024;13.244
CASTILLA - LA MANCHA;II. CIBERCRIMINALIDAD (infracciones penales cometidas en/por medio ciber);enero-septiembre 2025;15.620
CASTILLA - LA MANCHA;II. CIBERCRIMINALIDAD (infracciones penales cometidas en/por medio ciber);Variación % 2025/2024;17,9
CASTILLA - LA MANCHA;12.-Estafas informáticas;enero-septiembre 2024;11.645
CASTILLA - LA MANCHA;12.-Estafas informáticas;enero-septiembre 2025;13.703
CASTILLA - LA MANCHA;12.-Estafas informáticas;Variación % 2025/2024;17,7
CASTILLA - LA MANCHA;13.-Otros ciberdelitos;enero-septiembre 2024;1.599
CASTILLA - LA MANCHA;13.-Otros ciberdelitos;enero-septiembre 2025;1.917
CASTILLA - LA MANCHA;13.-Otros ciberdelitos;Variación % 2025/2024;19,9
CASTILLA - LA MANCHA;III. TOTAL INFRACCIONES PENALES;enero-septiembre 2024;62.062
CASTILLA - LA MANCHA;III. TOTAL INFRACCIONES PENALES;enero-septiembre 2025;65.240
CASTILLA - LA MANCHA;III. TOTAL INFRACCIONES PENALES;Variación % 2025/2024;5,1
CATALUÑA;I. CRIMINALIDAD CONVENCIONAL;enero-septiembre 2024;327.914
CATALUÑA;I. CRIMINALIDAD CONVENCIONAL;enero-septiembre 2025;319.929
CATALUÑA;I. CRIMINALIDAD CONVENCIONAL;Variación % 2025/2024;-2,4
CATALUÑA;1. Homicidios dolosos y asesinatos consumados;enero-septiembre 2024;59
CATALUÑA;1. Homicidios dolosos y asesinatos consumados;enero-septiembre 2025;44
CATALUÑA;1. Homicidios dolosos y asesinatos consumados;Variación % 2025/2024;-25,4
CATALUÑA;2. Homicidios dolosos y asesinatos en grado tentativa;enero-septiembre 2024;220
CATALUÑA;2. Homicidios dolosos y asesinatos en grado tentativa;enero-septiembre 2025;217
CATALUÑA;2. Homicidios dolosos y asesinatos en grado tentativa;Variación % 2025/2024;-1,4
CATALUÑA;3. Delitos graves y menos graves de lesiones y riña tumultuaria;enero-septiembre 2024;3.256
CATALUÑA;3. Delitos graves y menos graves de lesiones y riña tumultuaria;enero-septiembre 2025;3.186
CATALUÑA;3. Delitos graves y menos graves de lesiones y riña tumultuaria;Variación % 2025/2024;-2,1
CATALUÑA;4. Secuestro;enero-septiembre 2024;9
CATALUÑA;4. Secuestro;enero-septiembre 2025;10
CATALUÑA;4. Secuestro;Variación % 2025/2024;11,1
CATALUÑA;5. Delitos contra la libertad sexual;enero-septiembre 2024;3.304
CATALUÑA;5. Delitos contra la libertad sexual;enero-septiembre 2025;3.578
CATALUÑA;5. Delitos contra la libertad sexual;Variación % 2025/2024;8,3
CATALUÑA;5.1.-Agresión sexual con penetración;enero-septiembre 2024;1.281
CATALUÑA;5.1.-Agresión sexual con penetración;enero-septiembre 2025;1.394
CATALUÑA;5.1.-Agresión sexual con penetración;Variación % 2025/2024;8,8
CATALUÑA;5.2.-Resto de delitos contra la libertad sexual;enero-septiembre 2024;2.023
CATALUÑA;5.2.-Resto de delitos contra la libertad sexual;enero-septiembre 2025;2.184
CATALUÑA;5.2.-Resto de delitos contra la libertad sexual;Variación % 2025/2024;8,0
CATALUÑA;6. Robos con violencia e intimidación;enero-septiembre 2024;18.563
CATALUÑA;6. Robos con violencia e intimidación;enero-septiembre 2025;18.820
CATALUÑA;6. Robos con violencia e intimidación;Variación % 2025/2024;1,4
CATALUÑA;7. Robos con fuerza en domicilios, establecimientos y otras instalaciones;enero-septiembre 2024;19.210
CATALUÑA;7. Robos con fuerza en domicilios, establecimientos y otras instalaciones;enero-septiembre 2025;16.663
CATALUÑA;7. Robos con fuerza en domicilios, establecimientos y otras instalaciones;Variación % 2025/2024;-13,3
CATALUÑA;7.1.-Robos con fuerza en domicilios;enero-septiembre 2024;13.100
CATALUÑA;7.1.-Robos con fuerza en domicilios;enero-septiembre 2025;11.579
CATALUÑA;7.1.-Robos con fuerza en domicilios;Variación % 2025/2024;-11,6
CATALUÑA;8. Hurtos;enero-septiembre 2024;126.926
CATALUÑA;8. Hurtos;enero-septiembre 2025;123.324
CATALUÑA;8. Hurtos;Variación % 2025/2024;-2,8
CATALUÑA;9. Sustracciones de vehículos;enero-septiembre 2024;6.410
CATALUÑA;9. Sustracciones de vehículos;enero-septiembre 2025;6.433
CATALUÑA;9. Sustracciones de vehículos;Variación % 2025/2024;0,4
CATALUÑA;10. Tráfico de drogas;enero-septiembre 2024;3.531
CATALUÑA;10. Tráfico de drogas;enero-septiembre 2025;3.989
CATALUÑA;10. Tráfico de drogas;Variación % 2025/2024;13,0
CATALUÑA;11. Resto de criminalidad convencional;enero-septiembre 2024;146.426
CATALUÑA;11. Resto de criminalidad convencional;enero-septiembre 2025;143.665
CATALUÑA;11. Resto de criminalidad convencional;Variación % 2025/2024;-1,9
CATALUÑA;II. CIBERCRIMINALIDAD (infracciones penales cometidas en/por medio ciber);enero-septiembre 2024;58.405
CATALUÑA;II. CIBERCRIMINALIDAD (infracciones penales cometidas en/por medio ciber);enero-septiembre 2025;55.484
CATALUÑA;II. CIBERCRIMINALIDAD (infracciones penales cometidas en/por medio ciber);Variación % 2025/2024;-5,0
CATALUÑA;12.-Estafas informáticas;enero-septiembre 2024;55.258
CATALUÑA;12.-Estafas informáticas;enero-septiembre 2025;51.572
CATALUÑA;12.-Estafas informáticas;Variación % 2025/2024;-6,7
CATALUÑA;13.-Otros ciberdelitos;enero-septiembre 2024;3.147
CATALUÑA;13.-Otros ciberdelitos;enero-septiembre 2025;3.912
CATALUÑA;13.-Otros ciberdelitos;Variación % 2025/2024;24,3
CATALUÑA;III. TOTAL INFRACCIONES PENALES;enero-septiembre 2024;386.319
CATALUÑA;III. TOTAL INFRACCIONES PENALES;enero-septiembre 2025;375.413
CATALUÑA;III. TOTAL INFRACCIONES PENALES;Variación % 2025/2024;-2,8
COMUNITAT VALENCIANA;I. CRIMINALIDAD CONVENCIONAL;enero-septiembre 2024;182.629
COMUNITAT VALENCIANA;I. CRIMINALIDAD CONVENCIONAL;enero-septiembre 2025;180.658
COMUNITAT VALENCIANA;I. CRIMINALIDAD CONVENCIONAL;Variación % 2025/2024;-1,1
COMUNITAT VALENCIANA;1. Homicidios dolosos y asesinatos consumados;enero-septiembre 2024;46
COMUNITAT VALENCIANA;1. Homicidios dolosos y asesinatos consumados;enero-septiembre 2025;31
COMUNITAT VALENCIANA;1. Homicidios dolosos y asesinatos consumados;Variación % 2025/2024;-32,6
COMUNITAT VALENCIANA;2. Homicidios dolosos y asesinatos en grado tentativa;enero-septiembre 2024;108
COMUNITAT VALENCIANA;2. Homicidios dolosos y asesinatos en grado tentativa;enero-septiembre 2025;136
COMUNITAT VALENCIANA;2. Homicidios dolosos y asesinatos en grado tentativa;Variación % 2025/2024;25,9
COMUNITAT VALENCIANA;3. Delitos graves y menos graves de lesiones y riña tumultuaria;enero-septiembre 2024;2.828
COMUNITAT VALENCIANA;3. Delitos graves y menos graves de lesiones y riña tumultuaria;enero-septiembre 2025;3.043
COMUNITAT VALENCIANA;3. Delitos graves y menos graves de lesiones y riña tumultuaria;Variación % 2025/2024;7,6
COMUNITAT VALENCIANA;4. Secuestro;enero-septiembre 2024;10
COMUNITAT VALENCIANA;4. Secuestro;enero-septiembre 2025;9
COMUNITAT VALENCIANA;4. Secuestro;Variación % 2025/2024;-10,0
COMUNITAT VALENCIANA;5. Delitos contra la libertad sexual;enero-septiembre 2024;1.925
COMUNITAT VALENCIANA;5. Delitos contra la libertad sexual;enero-septiembre 2025;2.062
COMUNITAT VALENCIANA;5. Delitos contra la libertad sexual;Variación % 2025/2024;7,1
COMUNITAT VALENCIANA;5.1.-Agresión sexual con penetración;enero-septiembre 2024;416
COMUNITAT VALENCIANA;5.1.-Agresión sexual con penetración;enero-septiembre 2025;441
COMUNITAT VALENCIANA;5.1.-Agresión sexual con penetración;Variación % 2025/2024;6,0
COMUNITAT VALENCIANA;5.2.-Resto de delitos contra la libertad sexual;enero-septiembre 2024;1.509
COMUNITAT VALENCIANA;5.2.-Resto de delitos contra la libertad sexual;enero-septiembre 2025;1.621
COMUNITAT VALENCIANA;5.2.-Resto de delitos contra la libertad sexual;Variación % 2025/2024;7,4
COMUNITAT VALENCIANA;6. Robos con violencia e intimidación;enero-septiembre 2024;4.803
COMUNITAT VALENCIANA;6. Robos con violencia e intimidación;enero-septiembre 2025;4.704
COMUNITAT VALENCIANA;6. Robos con violencia e intimidación;Variación % 2025/2024;-2,1
COMUNITAT VALENCIANA;7. Robos con fuerza en domicilios, establecimientos y otras instalaciones;enero-septiembre 2024;13.459
COMUNITAT VALENCIANA;7. Robos con fuerza en domicilios, establecimientos y otras instalaciones;enero-septiembre 2025;12.665
COMUNITAT VALENCIANA;7. Robos con fuerza en domicilios, establecimientos y otras instalaciones;Variación % 2025/2024;-5,9
COMUNITAT VALENCIANA;7.1.-Robos con fuerza en domicilios;enero-septiembre 2024;10.839
COMUNITAT VALENCIANA;7.1.-Robos con fuerza en domicilios;enero-septiembre 2025;10.166
COMUNITAT VALENCIANA;7.1.-Robos con fuerza en domicilios;Variación % 2025/2024;-6,2
COMUNITAT VALENCIANA;8. Hurtos;enero-septiembre 2024;57.342
COMUNITAT VALENCIANA;8. Hurtos;enero-septiembre 2025;57.209
COMUNITAT VALENCIANA;8. Hurtos;Variación % 2025/2024;-0,2
COMUNITAT VALENCIANA;9. Sustracciones de vehículos;enero-septiembre 2024;2.427
COMUNITAT VALENCIANA;9. Sustracciones de vehículos;enero-septiembre 2025;2.541
COMUNITAT VALENCIANA;9. Sustracciones de vehículos;Variación % 2025/2024;4,7
COMUNITAT VALENCIANA;10. Tráfico de drogas;enero-septiembre 2024;2.123
COMUNITAT VALENCIANA;10. Tráfico de drogas;enero-septiembre 2025;2.078
COMUNITAT VALENCIANA;10. Tráfico de drogas;Variación % 2025/2024;-2,1
COMUNITAT VALENCIANA;11. Resto de criminalidad convencional;enero-septiembre 2024;97.558
COMUNITAT VALENCIANA;11. Resto de criminalidad convencional;enero-septiembre 2025;96.180
COMUNITAT VALENCIANA;11. Resto de criminalidad convencional;Variación % 2025/2024;-1,4
COMUNITAT VALENCIANA;II. CIBERCRIMINALIDAD (infracciones penales cometidas en/por medio ciber);enero-septiembre 2024;34.785
COMUNITAT VALENCIANA;II. CIBERCRIMINALIDAD (infracciones penales cometidas en/por medio ciber);enero-septiembre 2025;41.804
COMUNITAT VALENCIANA;II. CIBERCRIMINALIDAD (infracciones penales cometidas en/por medio ciber);Variación % 2025/2024;20,2
COMUNITAT VALENCIANA;12.-Estafas informáticas;enero-septiembre 2024;30.355
COMUNITAT VALENCIANA;12.-Estafas informáticas;enero-septiembre 2025;36.353
COMUNITAT VALENCIANA;12.-Estafas informáticas;Variación % 2025/2024;19,8
COMUNITAT VALENCIANA;13.-Otros ciberdelitos;enero-septiembre 2024;4.430
COMUNITAT VALENCIANA;13.-Otros ciberdelitos;enero-septiembre 2025;5.451
COMUNITAT VALENCIANA;13.-Otros ciberdelitos;Variación % 2025/2024;23,0
COMUNITAT VALENCIANA;III. TOTAL INFRACCIONES PENALES;enero-septiembre 2024;217.414
COMUNITAT VALENCIANA;III. TOTAL INFRACCIONES PENALES;enero-septiembre 2025;222.462
COMUNITAT VALENCIANA;III. TOTAL INFRACCIONES PENALES;Variación % 2025/2024;2,3
EXTREMADURA;I. CRIMINALIDAD CONVENCIONAL;enero-septiembre 2024;19.533
EXTREMADURA;I. CRIMINALIDAD CONVENCIONAL;enero-septiembre 2025;20.152
EXTREMADURA;I. CRIMINALIDAD CONVENCIONAL;Variación % 2025/2024;3,2
EXTREMADURA;1. Homicidios dolosos y asesinatos consumados;enero-septiembre 2024;4
EXTREMADURA;1. Homicidios dolosos y asesinatos consumados;enero-septiembre 2025;9
EXTREMADURA;1. Homicidios dolosos y asesinatos consumados;Variación % 2025/2024;125,0
EXTREMADURA;2. Homicidios dolosos y asesinatos en grado tentativa;enero-septiembre 2024;24
EXTREMADURA;2. Homicidios dolosos y asesinatos en grado tentativa;enero-septiembre 2025;19
EXTREMADURA;2. Homicidios dolosos y asesinatos en grado tentativa;Variación % 2025/2024;-20,8
EXTREMADURA;3. Delitos graves y menos graves de lesiones y riña tumultuaria;enero-septiembre 2024;312
EXTREMADURA;3. Delitos graves y menos graves de lesiones y riña tumultuaria;enero-septiembre 2025;380
EXTREMADURA;3. Delitos graves y menos graves de lesiones y riña tumultuaria;Variación % 2025/2024;21,8
EXTREMADURA;4. Secuestro;enero-septiembre 2024;1
EXTREMADURA;4. Secuestro;enero-septiembre 2025;0
EXTREMADURA;4. Secuestro;Variación % 2025/2024;-100,0
EXTREMADURA;5. Delitos contra la libertad sexual;enero-septiembre 2024;279
EXTREMADURA;5. Delitos contra la libertad sexual;enero-septiembre 2025;241
EXTREMADURA;5. Delitos contra la libertad sexual;Variación % 2025/2024;-13,6
EXTREMADURA;5.1.-Agresión sexual con penetración;enero-septiembre 2024;52
EXTREMADURA;5.1.-Agresión sexual con penetración;enero-septiembre 2025;51
EXTREMADURA;5.1.-Agresión sexual con penetración;Variación % 2025/2024;-1,9
EXTREMADURA;5.2.-Resto de delitos contra la libertad sexual;enero-septiembre 2024;227
EXTREMADURA;5.2.-Resto de delitos contra la libertad sexual;enero-septiembre 2025;190
EXTREMADURA;5.2.-Resto de delitos contra la libertad sexual;Variación % 2025/2024;-16,3
EXTREMADURA;6. Robos con violencia e intimidación;enero-septiembre 2024;212
EXTREMADURA;6. Robos con violencia e intimidación;enero-septiembre 2025;261
EXTREMADURA;6. Robos con violencia e intimidación;Variación % 2025/2024;23,1
EXTREMADURA;7. Robos con fuerza en domicilios, establecimientos y otras instalaciones;enero-septiembre 2024;1.349
EXTREMADURA;7. Robos con fuerza en domicilios, establecimientos y otras instalaciones;enero-septiembre 2025;1.161
EXTREMADURA;7. Robos con fuerza en domicilios, establecimientos y otras instalaciones;Variación % 2025/2024;-13,9
EXTREMADURA;7.1.-Robos con fuerza en domicilios;enero-septiembre 2024;926
EXTREMADURA;7.1.-Robos con fuerza en domicilios;enero-septiembre 2025;769
EXTREMADURA;7.1.-Robos con fuerza en domicilios;Variación % 2025/2024;-17,0
EXTREMADURA;8. Hurtos;enero-septiembre 2024;4.739
EXTREMADURA;8. Hurtos;enero-septiembre 2025;4.511
EXTREMADURA;8. Hurtos;Variación % 2025/2024;-4,8
EXTREMADURA;9. Sustracciones de vehículos;enero-septiembre 2024;118
EXTREMADURA;9. Sustracciones de vehículos;enero-septiembre 2025;129
EXTREMADURA;9. Sustracciones de vehículos;Variación % 2025/2024;9,3
EXTREMADURA;10. Tráfico de drogas;enero-septiembre 2024;227
EXTREMADURA;10. Tráfico de drogas;enero-septiembre 2025;205
EXTREMADURA;10. Tráfico de drogas;Variación % 2025/2024;-9,7
EXTREMADURA;11. Resto de criminalidad convencional;enero-septiembre 2024;12.268
EXTREMADURA;11. Resto de criminalidad convencional;enero-septiembre 2025;13.236
EXTREMADURA;11. Resto de criminalidad convencional;Variación % 2025/2024;7,9
EXTREMADURA;II. CIBERCRIMINALIDAD (infracciones penales cometidas en/por medio ciber);enero-septiembre 2024;6.478
EXTREMADURA;II. CIBERCRIMINALIDAD (infracciones penales cometidas en/por medio ciber);enero-septiembre 2025;7.163
EXTREMADURA;II. CIBERCRIMINALIDAD (infracciones penales cometidas en/por medio ciber);Variación % 2025/2024;10,6
EXTREMADURA;12.-Estafas informáticas;enero-septiembre 2024;5.167
EXTREMADURA;12.-Estafas informáticas;enero-septiembre 2025;5.645
EXTREMADURA;12.-Estafas informáticas;Variación % 2025/2024;9,3
EXTREMADURA;13.-Otros ciberdelitos;enero-septiembre 2024;1.311
EXTREMADURA;13.-Otros ciberdelitos;enero-septiembre 2025;1.518
EXTREMADURA;13.-Otros ciberdelitos;Variación % 2025/2024;15,8
EXTREMADURA;III. TOTAL INFRACCIONES PENALES;enero-septiembre 2024;26.011
EXTREMADURA;III. TOTAL INFRACCIONES PENALES;enero-septiembre 2025;27.315
EXTREMADURA;III. TOTAL INFRACCIONES PENALES;Variación % 2025/2024;5,0
GALICIA;I. CRIMINALIDAD CONVENCIONAL;enero-septiembre 2024;54.280
GALICIA;I. CRIMINALIDAD CONVENCIONAL;enero-septiembre 2025;53.102
GALICIA;I. CRIMINALIDAD CONVENCIONAL;Variación % 2025/2024;-2,2
GALICIA;1. Homicidios dolosos y asesinatos consumados;enero-septiembre 2024;11
GALICIA;1. Homicidios dolosos y asesinatos consumados;enero-septiembre 2025;7
GALICIA;1. Homicidios dolosos y asesinatos consumados;Variación % 2025/2024;-36,4
GALICIA;2. Homicidios dolosos y asesinatos en grado tentativa;enero-septiembre 2024;32
GALICIA;2. Homicidios dolosos y asesinatos en grado tentativa;enero-septiembre 2025;46
GALICIA;2. Homicidios dolosos y asesinatos en grado tentativa;Variación % 2025/2024;43,8
GALICIA;3. Delitos graves y menos graves de lesiones y riña tumultuaria;enero-septiembre 2024;932
GALICIA;3. Delitos graves y menos graves de lesiones y riña tumultuaria;enero-septiembre 2025;1.062
GALICIA;3. Delitos graves y menos graves de lesiones y riña tumultuaria;Variación % 2025/2024;13,9
GALICIA;4. Secuestro;enero-septiembre 2024;3
GALICIA;4. Secuestro;enero-septiembre 2025;2
GALICIA;4. Secuestro;Variación % 2025/2024;-33,3
GALICIA;5. Delitos contra la libertad sexual;enero-septiembre 2024;591
GALICIA;5. Delitos contra la libertad sexual;enero-septiembre 2025;635
GALICIA;5. Delitos contra la libertad sexual;Variación % 2025/2024;7,4
GALICIA;5.1.-Agresión sexual con penetración;enero-septiembre 2024;134
GALICIA;5.1.-Agresión sexual con penetración;enero-septiembre 2025;131
GALICIA;5.1.-Agresión sexual con penetración;Variación % 2025/2024;-2,2
GALICIA;5.2.-Resto de delitos contra la libertad sexual;enero-septiembre 2024;457
GALICIA;5.2.-Resto de delitos contra la libertad sexual;enero-septiembre 2025;504
GALICIA;5.2.-Resto de delitos contra la libertad sexual;Variación % 2025/2024;10,3
GALICIA;6. Robos con violencia e intimidación;enero-septiembre 2024;753
GALICIA;6. Robos con violencia e intimidación;enero-septiembre 2025;711
GALICIA;6. Robos con violencia e intimidación;Variación % 2025/2024;-5,6
GALICIA;7. Robos con fuerza en domicilios, establecimientos y otras instalaciones;enero-septiembre 2024;3.291
GALICIA;7. Robos con fuerza en domicilios, establecimientos y otras instalaciones;enero-septiembre 2025;2.855
GALICIA;7. Robos con fuerza en domicilios, establecimientos y otras instalaciones;Variación % 2025/2024;-13,2
GALICIA;7.1.-Robos con fuerza en domicilios;enero-septiembre 2024;1.932
GALICIA;7.1.-Robos con fuerza en domicilios;enero-septiembre 2025;1.763
GALICIA;7.1.-Robos con fuerza en domicilios;Variación % 2025/2024;-8,7
GALICIA;8. Hurtos;enero-septiembre 2024;15.036
GALICIA;8. Hurtos;enero-septiembre 2025;13.833
GALICIA;8. Hurtos;Variación % 2025/2024;-8,0
GALICIA;9. Sustracciones de vehículos;enero-septiembre 2024;403
GALICIA;9. Sustracciones de vehículos;enero-septiembre 2025;367
GALICIA;9. Sustracciones de vehículos;Variación % 2025/2024;-8,9
GALICIA;10. Tráfico de drogas;enero-septiembre 2024;375
GALICIA;10. Tráfico de drogas;enero-septiembre 2025;363
GALICIA;10. Tráfico de drogas;Variación % 2025/2024;-3,2
GALICIA;11. Resto de criminalidad convencional;enero-septiembre 2024;32.853
GALICIA;11. Resto de criminalidad convencional;enero-septiembre 2025;33.221
GALICIA;11. Resto de criminalidad convencional;Variación % 2025/2024;1,1
GALICIA;II. CIBERCRIMINALIDAD (infracciones penales cometidas en/por medio ciber);enero-septiembre 2024;17.190
GALICIA;II. CIBERCRIMINALIDAD (infracciones penales cometidas en/por medio ciber);enero-septiembre 2025;19.816
GALICIA;II. CIBERCRIMINALIDAD (infracciones penales cometidas en/por medio ciber);Variación % 2025/2024;15,3
GALICIA;12.-Estafas informáticas;enero-septiembre 2024;14.548
GALICIA;12.-Estafas informáticas;enero-septiembre 2025;16.880
GALICIA;12.-Estafas informáticas;Variación % 2025/2024;16,0
GALICIA;13.-Otros ciberdelitos;enero-septiembre 2024;2.642
GALICIA;13.-Otros ciberdelitos;enero-septiembre 2025;2.936
GALICIA;13.-Otros ciberdelitos;Variación % 2025/2024;11,1
GALICIA;III. TOTAL INFRACCIONES PENALES;enero-septiembre 2024;71.470
GALICIA;III. TOTAL INFRACCIONES PENALES;enero-septiembre 2025;72.918
GALICIA;III. TOTAL INFRACCIONES PENALES;Variación % 2025/2024;2,0
MADRID (COMUNIDAD DE);I. CRIMINALIDAD CONVENCIONAL;enero-septiembre 2024;243.956
MADRID (COMUNIDAD DE);I. CRIMINALIDAD CONVENCIONAL;enero-septiembre 2025;238.765
MADRID (COMUNIDAD DE);I. CRIMINALIDAD CONVENCIONAL;Variación % 2025/2024;-2,1
MADRID (COMUNIDAD DE);1. Homicidios dolosos y asesinatos consumados;enero-septiembre 2024;17
MADRID (COMUNIDAD DE);1. Homicidios dolosos y asesinatos consumados;enero-septiembre 2025;19
MADRID (COMUNIDAD DE);1. Homicidios dolosos y asesinatos consumados;Variación % 2025/2024;11,8
MADRID (COMUNIDAD DE);2. Homicidios dolosos y asesinatos en grado tentativa;enero-septiembre 2024;126
MADRID (COMUNIDAD DE);2. Homicidios dolosos y asesinatos en grado tentativa;enero-septiembre 2025;104
MADRID (COMUNIDAD DE);2. Homicidios dolosos y asesinatos en grado tentativa;Variación % 2025/2024;-17,5
MADRID (COMUNIDAD DE);3. Delitos graves y menos graves de lesiones y riña tumultuaria;enero-septiembre 2024;2.669
MADRID (COMUNIDAD DE);3. Delitos graves y menos graves de lesiones y riña tumultuaria;enero-septiembre 2025;2.934
MADRID (COMUNIDAD DE);3. Delitos graves y menos graves de lesiones y riña tumultuaria;Variación % 2025/2024;9,9
MADRID (COMUNIDAD DE);4. Secuestro;enero-septiembre 2024;11
MADRID (COMUNIDAD DE);4. Secuestro;enero-septiembre 2025;8
MADRID (COMUNIDAD DE);4. Secuestro;Variación % 2025/2024;-27,3
MADRID (COMUNIDAD DE);5. Delitos contra la libertad sexual;enero-septiembre 2024;2.258
MADRID (COMUNIDAD DE);5. Delitos contra la libertad sexual;enero-septiembre 2025;2.420
MADRID (COMUNIDAD DE);5. Delitos contra la libertad sexual;Variación % 2025/2024;7,2
MADRID (COMUNIDAD DE);5.1.-Agresión sexual con penetración;enero-septiembre 2024;512
MADRID (COMUNIDAD DE);5.1.-Agresión sexual con penetración;enero-septiembre 2025;536
MADRID (COMUNIDAD DE);5.1.-Agresión sexual con penetración;Variación % 2025/2024;4,7
MADRID (COMUNIDAD DE);5.2.-Resto de delitos contra la libertad sexual;enero-septiembre 2024;1.746
MADRID (COMUNIDAD DE);5.2.-Resto de delitos contra la libertad sexual;enero-septiembre 2025;1.884
MADRID (COMUNIDAD DE);5.2.-Resto de delitos contra la libertad sexual;Variación % 2025/2024;7,9
MADRID (COMUNIDAD DE);6. Robos con violencia e intimidación;enero-septiembre 2024;8.485
MADRID (COMUNIDAD DE);6. Robos con violencia e intimidación;enero-septiembre 2025;7.674
MADRID (COMUNIDAD DE);6. Robos con violencia e intimidación;Variación % 2025/2024;-9,6
MADRID (COMUNIDAD DE);7. Robos con fuerza en domicilios, establecimientos y otras instalaciones;enero-septiembre 2024;10.256
MADRID (COMUNIDAD DE);7. Robos con fuerza en domicilios, establecimientos y otras instalaciones;enero-septiembre 2025;9.406
MADRID (COMUNIDAD DE);7. Robos con fuerza en domicilios, establecimientos y otras instalaciones;Variación % 2025/2024;-8,3
MADRID (COMUNIDAD DE);7.1.-Robos con fuerza en domicilios;enero-septiembre 2024;6.736
MADRID (COMUNIDAD DE);7.1.-Robos con fuerza en domicilios;enero-septiembre 2025;6.139
MADRID (COMUNIDAD DE);7.1.-Robos con fuerza en domicilios;Variación % 2025/2024;-8,9
MADRID (COMUNIDAD DE);8. Hurtos;enero-septiembre 2024;87.828
MADRID (COMUNIDAD DE);8. Hurtos;enero-septiembre 2025;82.515
MADRID (COMUNIDAD DE);8. Hurtos;Variación % 2025/2024;-6,0
MADRID (COMUNIDAD DE);9. Sustracciones de vehículos;enero-septiembre 2024;5.244
MADRID (COMUNIDAD DE);9. Sustracciones de vehículos;enero-septiembre 2025;5.150
MADRID (COMUNIDAD DE);9. Sustracciones de vehículos;Variación % 2025/2024;-1,8
MADRID (COMUNIDAD DE);10. Tráfico de drogas;enero-septiembre 2024;2.769
MADRID (COMUNIDAD DE);10. Tráfico de drogas;enero-septiembre 2025;3.270
MADRID (COMUNIDAD DE);10. Tráfico de drogas;Variación % 2025/2024;18,1
MADRID (COMUNIDAD DE);11. Resto de criminalidad convencional;enero-septiembre 2024;124.293
MADRID (COMUNIDAD DE);11. Resto de criminalidad convencional;enero-septiembre 2025;125.265
MADRID (COMUNIDAD DE);11. Resto de criminalidad convencional;Variación % 2025/2024;0,8
MADRID (COMUNIDAD DE);II. CIBERCRIMINALIDAD (infracciones penales cometidas en/por medio ciber);enero-septiembre 2024;54.522
MADRID (COMUNIDAD DE);II. CIBERCRIMINALIDAD (infracciones penales cometidas en/por medio ciber);enero-septiembre 2025;57.441
MADRID (COMUNIDAD DE);II. CIBERCRIMINALIDAD (infracciones penales cometidas en/por medio ciber);Variación % 2025/2024;5,4
MADRID (COMUNIDAD DE);12.-Estafas informáticas;enero-septiembre 2024;48.481
MADRID (COMUNIDAD DE);12.-Estafas informáticas;enero-septiembre 2025;49.832
MADRID (COMUNIDAD DE);12.-Estafas informáticas;Variación % 2025/2024;2,8
MADRID (COMUNIDAD DE);13.-Otros ciberdelitos;enero-septiembre 2024;6.041
MADRID (COMUNIDAD DE);13.-Otros ciberdelitos;enero-septiembre 2025;7.609
MADRID (COMUNIDAD DE);13.-Otros ciberdelitos;Variación % 2025/2024;26,0
MADRID (COMUNIDAD DE);III. TOTAL INFRACCIONES PENALES;enero-septiembre 2024;298.478
MADRID (COMUNIDAD DE);III. TOTAL INFRACCIONES PENALES;enero-septiembre 2025;296.206
MADRID (COMUNIDAD DE);III. TOTAL INFRACCIONES PENALES;Variación % 2025/2024;-0,8
MURCIA (REGIÓN DE);I. CRIMINALIDAD CONVENCIONAL;enero-septiembre 2024;45.942
MURCIA (REGIÓN DE);I. CRIMINALIDAD CONVENCIONAL;enero-septiembre 2025;45.398
MURCIA (REGIÓN DE);I. CRIMINALIDAD CONVENCIONAL;Variación % 2025/2024;-1,2
MURCIA (REGIÓN DE);1. Homicidios dolosos y asesinatos consumados;enero-septiembre 2024;11
MURCIA (REGIÓN DE);1. Homicidios dolosos y asesinatos consumados;enero-septiembre 2025;18
MURCIA (REGIÓN DE);1. Homicidios dolosos y asesinatos consumados;Variación % 2025/2024;63,6
MURCIA (REGIÓN DE);2. Homicidios dolosos y asesinatos en grado tentativa;enero-septiembre 2024;53
MURCIA (REGIÓN DE);2. Homicidios dolosos y asesinatos en grado tentativa;enero-septiembre 2025;68
MURCIA (REGIÓN DE);2. Homicidios dolosos y asesinatos en grado tentativa;Variación % 2025/2024;28,3
MURCIA (REGIÓN DE);3. Delitos graves y menos graves de lesiones y riña tumultuaria;enero-septiembre 2024;994
MURCIA (REGIÓN DE);3. Delitos graves y menos graves de lesiones y riña tumultuaria;enero-septiembre 2025;1.012
MURCIA (REGIÓN DE);3. Delitos graves y menos graves de lesiones y riña tumultuaria;Variación % 2025/2024;1,8
MURCIA (REGIÓN DE);4. Secuestro;enero-septiembre 2024;3
MURCIA (REGIÓN DE);4. Secuestro;enero-septiembre 2025;4
MURCIA (REGIÓN DE);4. Secuestro;Variación % 2025/2024;33,3
MURCIA (REGIÓN DE);5. Delitos contra la libertad sexual;enero-septiembre 2024;596
MURCIA (REGIÓN DE);5. Delitos contra la libertad sexual;enero-septiembre 2025;554
MURCIA (REGIÓN DE);5. Delitos contra la libertad sexual;Variación % 2025/2024;-7,0
MURCIA (REGIÓN DE);5.1.-Agresión sexual con penetración;enero-septiembre 2024;99
MURCIA (REGIÓN DE);5.1.-Agresión sexual con penetración;enero-septiembre 2025;103
MURCIA (REGIÓN DE);5.1.-Agresión sexual con penetración;Variación % 2025/2024;4,0
MURCIA (REGIÓN DE);5.2.-Resto de delitos contra la libertad sexual;enero-septiembre 2024;497
MURCIA (REGIÓN DE);5.2.-Resto de delitos contra la libertad sexual;enero-septiembre 2025;451
MURCIA (REGIÓN DE);5.2.-Resto de delitos contra la libertad sexual;Variación % 2025/2024;-9,3
MURCIA (REGIÓN DE);6. Robos con violencia e intimidación;enero-septiembre 2024;1.604
MURCIA (REGIÓN DE);6. Robos con violencia e intimidación;enero-septiembre 2025;1.669
MURCIA (REGIÓN DE);6. Robos con violencia e intimidación;Variación % 2025/2024;4,1
MURCIA (REGIÓN DE);7. Robos con fuerza en domicilios, establecimientos y otras instalaciones;enero-septiembre 2024;3.886
MURCIA (REGIÓN DE);7. Robos con fuerza en domicilios, establecimientos y otras instalaciones;enero-septiembre 2025;3.273
MURCIA (REGIÓN DE);7. Robos con fuerza en domicilios, establecimientos y otras instalaciones;Variación % 2025/2024;-15,8
MURCIA (REGIÓN DE);7.1.-Robos con fuerza en domicilios;enero-septiembre 2024;3.015
MURCIA (REGIÓN DE);7.1.-Robos con fuerza en domicilios;enero-septiembre 2025;2.519
MURCIA (REGIÓN DE);7.1.-Robos con fuerza en domicilios;Variación % 2025/2024;-16,5
MURCIA (REGIÓN DE);8. Hurtos;enero-septiembre 2024;12.198
MURCIA (REGIÓN DE);8. Hurtos;enero-septiembre 2025;11.560
MURCIA (REGIÓN DE);8. Hurtos;Variación % 2025/2024;-5,2
MURCIA (REGIÓN DE);9. Sustracciones de vehículos;enero-septiembre 2024;722
MURCIA (REGIÓN DE);9. Sustracciones de vehículos;enero-septiembre 2025;643
MURCIA (REGIÓN DE);9. Sustracciones de vehículos;Variación % 2025/2024;-10,9
MURCIA (REGIÓN DE);10. Tráfico de drogas;enero-septiembre 2024;432
MURCIA (REGIÓN DE);10. Tráfico de drogas;enero-septiembre 2025;446
MURCIA (REGIÓN DE);10. Tráfico de drogas;Variación % 2025/2024;3,2
MURCIA (REGIÓN DE);11. Resto de criminalidad convencional;enero-septiembre 2024;25.443
MURCIA (REGIÓN DE);11. Resto de criminalidad convencional;enero-septiembre 2025;26.151
MURCIA (REGIÓN DE);11. Resto de criminalidad convencional;Variación % 2025/2024;2,8
MURCIA (REGIÓN DE);II. CIBERCRIMINALIDAD (infracciones penales cometidas en/por medio ciber);enero-septiembre 2024;9.935
MURCIA (REGIÓN DE);II. CIBERCRIMINALIDAD (infracciones penales cometidas en/por medio ciber);enero-septiembre 2025;10.121
MURCIA (REGIÓN DE);II. CIBERCRIMINALIDAD (infracciones penales cometidas en/por medio ciber);Variación % 2025/2024;1,9
MURCIA (REGIÓN DE);12.-Estafas informáticas;enero-septiembre 2024;8.653
MURCIA (REGIÓN DE);12.-Estafas informáticas;enero-septiembre 2025;8.726
MURCIA (REGIÓN DE);12.-Estafas informáticas;Variación % 2025/2024;0,8
MURCIA (REGIÓN DE);13.-Otros ciberdelitos;enero-septiembre 2024;1.282
MURCIA (REGIÓN DE);13.-Otros ciberdelitos;enero-septiembre 2025;1.395
MURCIA (REGIÓN DE);13.-Otros ciberdelitos;Variación % 2025/2024;8,8
MURCIA (REGIÓN DE);III. TOTAL INFRACCIONES PENALES;enero-septiembre 2024;55.877
MURCIA (REGIÓN DE);III. TOTAL INFRACCIONES PENALES;enero-septiembre 2025;55.519
MURCIA (REGIÓN DE);III. TOTAL INFRACCIONES PENALES;Variación % 2025/2024;-0,6
NAVARRA (COMUNIDAD FORAL DE);I. CRIMINALIDAD CONVENCIONAL;enero-septiembre 2024;21.977
NAVARRA (COMUNIDAD FORAL DE);I. CRIMINALIDAD CONVENCIONAL;enero-septiembre 2025;22.301
NAVARRA (COMUNIDAD FORAL DE);I. CRIMINALIDAD CONVENCIONAL;Variación % 2025/2024;1,5
NAVARRA (COMUNIDAD FORAL DE);1. Homicidios dolosos y asesinatos consumados;enero-septiembre 2024;3
NAVARRA (COMUNIDAD FORAL DE);1. Homicidios dolosos y asesinatos consumados;enero-septiembre 2025;7
NAVARRA (COMUNIDAD FORAL DE);1. Homicidios dolosos y asesinatos consumados;Variación % 2025/2024;133,3
NAVARRA (COMUNIDAD FORAL DE);2. Homicidios dolosos y asesinatos en grado tentativa;enero-septiembre 2024;17
NAVARRA (COMUNIDAD FORAL DE);2. Homicidios dolosos y asesinatos en grado tentativa;enero-septiembre 2025;22
NAVARRA (COMUNIDAD FORAL DE);2. Homicidios dolosos y asesinatos en grado tentativa;Variación % 2025/2024;29,4
NAVARRA (COMUNIDAD FORAL DE);3. Delitos graves y menos graves de lesiones y riña tumultuaria;enero-septiembre 2024;359
NAVARRA (COMUNIDAD FORAL DE);3. Delitos graves y menos graves de lesiones y riña tumultuaria;enero-septiembre 2025;449
NAVARRA (COMUNIDAD FORAL DE);3. Delitos graves y menos graves de lesiones y riña tumultuaria;Variación % 2025/2024;25,1
NAVARRA (COMUNIDAD FORAL DE);4. Secuestro;enero-septiembre 2024;0
NAVARRA (COMUNIDAD FORAL DE);4. Secuestro;enero-septiembre 2025;1
NAVARRA (COMUNIDAD FORAL DE);4. Secuestro;Variación % 2025/2024;100,0
NAVARRA (COMUNIDAD FORAL DE);5. Delitos contra la libertad sexual;enero-septiembre 2024;351
NAVARRA (COMUNIDAD FORAL DE);5. Delitos contra la libertad sexual;enero-septiembre 2025;302
NAVARRA (COMUNIDAD FORAL DE);5. Delitos contra la libertad sexual;Variación % 2025/2024;-14,0
NAVARRA (COMUNIDAD FORAL DE);5.1.-Agresión sexual con penetración;enero-septiembre 2024;50
NAVARRA (COMUNIDAD FORAL DE);5.1.-Agresión sexual con penetración;enero-septiembre 2025;57
NAVARRA (COMUNIDAD FORAL DE);5.1.-Agresión sexual con penetración;Variación % 2025/2024;14,0
NAVARRA (COMUNIDAD FORAL DE);5.2.-Resto de delitos contra la libertad sexual;enero-septiembre 2024;301
NAVARRA (COMUNIDAD FORAL DE);5.2.-Resto de delitos contra la libertad sexual;enero-septiembre 2025;245
NAVARRA (COMUNIDAD FORAL DE);5.2.-Resto de delitos contra la libertad sexual;Variación % 2025/2024;-18,6
NAVARRA (COMUNIDAD FORAL DE);6. Robos con violencia e intimidación;enero-septiembre 2024;353
NAVARRA (COMUNIDAD FORAL DE);6. Robos con violencia e intimidación;enero-septiembre 2025;436
NAVARRA (COMUNIDAD FORAL DE);6. Robos con violencia e intimidación;Variación % 2025/2024;23,5
NAVARRA (COMUNIDAD FORAL DE);7. Robos con fuerza en domicilios, establecimientos y otras instalaciones;enero-septiembre 2024;1.045
NAVARRA (COMUNIDAD FORAL DE);7. Robos con fuerza en domicilios, establecimientos y otras instalaciones;enero-septiembre 2025;968
NAVARRA (COMUNIDAD FORAL DE);7. Robos con fuerza en domicilios, establecimientos y otras instalaciones;Variación % 2025/2024;-7,4
NAVARRA (COMUNIDAD FORAL DE);7.1.-Robos con fuerza en domicilios;enero-septiembre 2024;741
NAVARRA (COMUNIDAD FORAL DE);7.1.-Robos con fuerza en domicilios;enero-septiembre 2025;731
NAVARRA (COMUNIDAD FORAL DE);7.1.-Robos con fuerza en domicilios;Variación % 2025/2024;-1,3
NAVARRA (COMUNIDAD FORAL DE);8. Hurtos;enero-septiembre 2024;6.457
NAVARRA (COMUNIDAD FORAL DE);8. Hurtos;enero-septiembre 2025;6.521
NAVARRA (COMUNIDAD FORAL DE);8. Hurtos;Variación % 2025/2024;1,0
NAVARRA (COMUNIDAD FORAL DE);9. Sustracciones de vehículos;enero-septiembre 2024;118
NAVARRA (COMUNIDAD FORAL DE);9. Sustracciones de vehículos;enero-septiembre 2025;139
NAVARRA (COMUNIDAD FORAL DE);9. Sustracciones de vehículos;Variación % 2025/2024;17,8
NAVARRA (COMUNIDAD FORAL DE);10. Tráfico de drogas;enero-septiembre 2024;180
NAVARRA (COMUNIDAD FORAL DE);10. Tráfico de drogas;enero-septiembre 2025;133
NAVARRA (COMUNIDAD FORAL DE);10. Tráfico de drogas;Variación % 2025/2024;-26,1
NAVARRA (COMUNIDAD FORAL DE);11. Resto de criminalidad convencional;enero-septiembre 2024;13.094
NAVARRA (COMUNIDAD FORAL DE);11. Resto de criminalidad convencional;enero-septiembre 2025;13.323
NAVARRA (COMUNIDAD FORAL DE);11. Resto de criminalidad convencional;Variación % 2025/2024;1,7
NAVARRA (COMUNIDAD FORAL DE);II. CIBERCRIMINALIDAD (infracciones penales cometidas en/por medio ciber);enero-septiembre 2024;5.170
NAVARRA (COMUNIDAD FORAL DE);II. CIBERCRIMINALIDAD (infracciones penales cometidas en/por medio ciber);enero-septiembre 2025;4.886
NAVARRA (COMUNIDAD FORAL DE);II. CIBERCRIMINALIDAD (infracciones penales cometidas en/por medio ciber);Variación % 2025/2024;-5,5
NAVARRA (COMUNIDAD FORAL DE);12.-Estafas informáticas;enero-septiembre 2024;4.484
NAVARRA (COMUNIDAD FORAL DE);12.-Estafas informáticas;enero-septiembre 2025;4.289
NAVARRA (COMUNIDAD FORAL DE);12.-Estafas informáticas;Variación % 2025/2024;-4,3
NAVARRA (COMUNIDAD FORAL DE);13.-Otros ciberdelitos;enero-septiembre 2024;686
NAVARRA (COMUNIDAD FORAL DE);13.-Otros ciberdelitos;enero-septiembre 2025;597
NAVARRA (COMUNIDAD FORAL DE);13.-Otros ciberdelitos;Variación % 2025/2024;-13,0
NAVARRA (COMUNIDAD FORAL DE);III. TOTAL INFRACCIONES PENALES;enero-septiembre 2024;27.147
NAVARRA (COMUNIDAD FORAL DE);III. TOTAL INFRACCIONES PENALES;enero-septiembre 2025;27.187
NAVARRA (COMUNIDAD FORAL DE);III. TOTAL INFRACCIONES PENALES;Variación % 2025/2024;0,1
PAÍS VASCO;I. CRIMINALIDAD CONVENCIONAL;enero-septiembre 2024;61.764
PAÍS VASCO;I. CRIMINALIDAD CONVENCIONAL;enero-septiembre 2025;62.071
PAÍS VASCO;I. CRIMINALIDAD CONVENCIONAL;Variación % 2025/2024;0,5
PAÍS VASCO;1. Homicidios dolosos y asesinatos consumados;enero-septiembre 2024;5
PAÍS VASCO;1. Homicidios dolosos y asesinatos consumados;enero-septiembre 2025;10
PAÍS VASCO;1. Homicidios dolosos y asesinatos consumados;Variación % 2025/2024;100,0
PAÍS VASCO;2. Homicidios dolosos y asesinatos en grado tentativa;enero-septiembre 2024;59
PAÍS VASCO;2. Homicidios dolosos y asesinatos en grado tentativa;enero-septiembre 2025;32
PAÍS VASCO;2. Homicidios dolosos y asesinatos en grado tentativa;Variación % 2025/2024;-45,8
PAÍS VASCO;3. Delitos graves y menos graves de lesiones y riña tumultuaria;enero-septiembre 2024;1.406
PAÍS VASCO;3. Delitos graves y menos graves de lesiones y riña tumultuaria;enero-septiembre 2025;1.549
PAÍS VASCO;3. Delitos graves y menos graves de lesiones y riña tumultuaria;Variación % 2025/2024;10,2
PAÍS VASCO;4. Secuestro;enero-septiembre 2024;2
PAÍS VASCO;4. Secuestro;enero-septiembre 2025;4
PAÍS VASCO;4. Secuestro;Variación % 2025/2024;100,0
PAÍS VASCO;5. Delitos contra la libertad sexual;enero-septiembre 2024;770
PAÍS VASCO;5. Delitos contra la libertad sexual;enero-septiembre 2025;818
PAÍS VASCO;5. Delitos contra la libertad sexual;Variación % 2025/2024;6,2
PAÍS VASCO;5.1.-Agresión sexual con penetración;enero-septiembre 2024;231
PAÍS VASCO;5.1.-Agresión sexual con penetración;enero-septiembre 2025;245
PAÍS VASCO;5.1.-Agresión sexual con penetración;Variación % 2025/2024;6,1
PAÍS VASCO;5.2.-Resto de delitos contra la libertad sexual;enero-septiembre 2024;539
PAÍS VASCO;5.2.-Resto de delitos contra la libertad sexual;enero-septiembre 2025;573
PAÍS VASCO;5.2.-Resto de delitos contra la libertad sexual;Variación % 2025/2024;6,3
PAÍS VASCO;6. Robos con violencia e intimidación;enero-septiembre 2024;1.658
PAÍS VASCO;6. Robos con violencia e intimidación;enero-septiembre 2025;1.608
PAÍS VASCO;6. Robos con violencia e intimidación;Variación % 2025/2024;-3,0
PAÍS VASCO;7. Robos con fuerza en domicilios, establecimientos y otras instalaciones;enero-septiembre 2024;4.355
PAÍS VASCO;7. Robos con fuerza en domicilios, establecimientos y otras instalaciones;enero-septiembre 2025;4.411
PAÍS VASCO;7. Robos con fuerza en domicilios, establecimientos y otras instalaciones;Variación % 2025/2024;1,3
PAÍS VASCO;7.1.-Robos con fuerza en domicilios;enero-septiembre 2024;2.867
PAÍS VASCO;7.1.-Robos con fuerza en domicilios;enero-septiembre 2025;3.201
PAÍS VASCO;7.1.-Robos con fuerza en domicilios;Variación % 2025/2024;11,6
PAÍS VASCO;8. Hurtos;enero-septiembre 2024;23.197
PAÍS VASCO;8. Hurtos;enero-septiembre 2025;23.059
PAÍS VASCO;8. Hurtos;Variación % 2025/2024;-0,6
PAÍS VASCO;9. Sustracciones de vehículos;enero-septiembre 2024;514
PAÍS VASCO;9. Sustracciones de vehículos;enero-septiembre 2025;558
PAÍS VASCO;9. Sustracciones de vehículos;Variación % 2025/2024;8,6
PAÍS VASCO;10. Tráfico de drogas;enero-septiembre 2024;684
PAÍS VASCO;10. Tráfico de drogas;enero-septiembre 2025;604
PAÍS VASCO;10. Tráfico de drogas;Variación % 2025/2024;-11,7
PAÍS VASCO;11. Resto de criminalidad convencional;enero-septiembre 2024;29.114
PAÍS VASCO;11. Resto de criminalidad convencional;enero-septiembre 2025;29.418
PAÍS VASCO;11. Resto de criminalidad convencional;Variación % 2025/2024;1,0
PAÍS VASCO;II. CIBERCRIMINALIDAD (infracciones penales cometidas en/por medio ciber);enero-septiembre 2024;19.461
PAÍS VASCO;II. CIBERCRIMINALIDAD (infracciones penales cometidas en/por medio ciber);enero-septiembre 2025;20.171
PAÍS VASCO;II. CIBERCRIMINALIDAD (infracciones penales cometidas en/por medio ciber);Variación % 2025/2024;3,6
PAÍS VASCO;12.-Estafas informáticas;enero-septiembre 2024;17.443
PAÍS VASCO;12.-Estafas informáticas;enero-septiembre 2025;17.722
PAÍS VASCO;12.-Estafas informáticas;Variación % 2025/2024;1,6
PAÍS VASCO;13.-Otros ciberdelitos;enero-septiembre 2024;2.018
PAÍS VASCO;13.-Otros ciberdelitos;enero-septiembre 2025;2.449
PAÍS VASCO;13.-Otros ciberdelitos;Variación % 2025/2024;21,4
PAÍS VASCO;III. TOTAL INFRACCIONES PENALES;enero-septiembre 2024;81.225
PAÍS VASCO;III. TOTAL INFRACCIONES PENALES;enero-septiembre 2025;82.242
PAÍS VASCO;III. TOTAL INFRACCIONES PENALES;Variación % 2025/2024;1,3
RIOJA (LA);I. CRIMINALIDAD CONVENCIONAL;enero-septiembre 2024;7.315
RIOJA (LA);I. CRIMINALIDAD CONVENCIONAL;enero-septiembre 2025;6.844
RIOJA (LA);I. CRIMINALIDAD CONVENCIONAL;Variación % 2025/2024;-6,4
RIOJA (LA);1. Homicidios dolosos y asesinatos consumados;enero-septiembre 2024;3
RIOJA (LA);1. Homicidios dolosos y asesinatos consumados;enero-septiembre 2025;3
RIOJA (LA);1. Homicidios dolosos y asesinatos consumados;Variación % 2025/2024;0,0
RIOJA (LA);2. Homicidios dolosos y asesinatos en grado tentativa;enero-septiembre 2024;9
RIOJA (LA);2. Homicidios dolosos y asesinatos en grado tentativa;enero-septiembre 2025;4
RIOJA (LA);2. Homicidios dolosos y asesinatos en grado tentativa;Variación % 2025/2024;-55,6
RIOJA (LA);3. Delitos graves y menos graves de lesiones y riña tumultuaria;enero-septiembre 2024;189
RIOJA (LA);3. Delitos graves y menos graves de lesiones y riña tumultuaria;enero-septiembre 2025;187
RIOJA (LA);3. Delitos graves y menos graves de lesiones y riña tumultuaria;Variación % 2025/2024;-1,1
RIOJA (LA);4. Secuestro;enero-septiembre 2024;0
RIOJA (LA);4. Secuestro;enero-septiembre 2025;0
RIOJA (LA);4. Secuestro;Variación % 2025/2024;0,0
RIOJA (LA);5. Delitos contra la libertad sexual;enero-septiembre 2024;88
RIOJA (LA);5. Delitos contra la libertad sexual;enero-septiembre 2025;82
RIOJA (LA);5. Delitos contra la libertad sexual;Variación % 2025/2024;-6,8
RIOJA (LA);5.1.-Agresión sexual con penetración;enero-septiembre 2024;12
RIOJA (LA);5.1.-Agresión sexual con penetración;enero-septiembre 2025;9
RIOJA (LA);5.1.-Agresión sexual con penetración;Variación % 2025/2024;-25,0
RIOJA (LA);5.2.-Resto de delitos contra la libertad sexual;enero-septiembre 2024;76
RIOJA (LA);5.2.-Resto de delitos contra la libertad sexual;enero-septiembre 2025;73
RIOJA (LA);5.2.-Resto de delitos contra la libertad sexual;Variación % 2025/2024;-3,9
RIOJA (LA);6. Robos con violencia e intimidación;enero-septiembre 2024;85
RIOJA (LA);6. Robos con violencia e intimidación;enero-septiembre 2025;96
RIOJA (LA);6. Robos con violencia e intimidación;Variación % 2025/2024;12,9
RIOJA (LA);7. Robos con fuerza en domicilios, establecimientos y otras instalaciones;enero-septiembre 2024;570
RIOJA (LA);7. Robos con fuerza en domicilios, establecimientos y otras instalaciones;enero-septiembre 2025;459
RIOJA (LA);7. Robos con fuerza en domicilios, establecimientos y otras instalaciones;Variación % 2025/2024;-19,5
RIOJA (LA);7.1.-Robos con fuerza en domicilios;enero-septiembre 2024;449
RIOJA (LA);7.1.-Robos con fuerza en domicilios;enero-septiembre 2025;383
RIOJA (LA);7.1.-Robos con fuerza en domicilios;Variación % 2025/2024;-14,7
RIOJA (LA);8. Hurtos;enero-septiembre 2024;2.063
RIOJA (LA);8. Hurtos;enero-septiembre 2025;1.832
RIOJA (LA);8. Hurtos;Variación % 2025/2024;-11,2
RIOJA (LA);9. Sustracciones de vehículos;enero-septiembre 2024;52
RIOJA (LA);9. Sustracciones de vehículos;enero-septiembre 2025;61
RIOJA (LA);9. Sustracciones de vehículos;Variación % 2025/2024;17,3
RIOJA (LA);10. Tráfico de drogas;enero-septiembre 2024;50
RIOJA (LA);10. Tráfico de drogas;enero-septiembre 2025;87
RIOJA (LA);10. Tráfico de drogas;Variación % 2025/2024;74,0
RIOJA (LA);11. Resto de criminalidad convencional;enero-septiembre 2024;4.206
RIOJA (LA);11. Resto de criminalidad convencional;enero-septiembre 2025;4.033
RIOJA (LA);11. Resto de criminalidad convencional;Variación % 2025/2024;-4,1
RIOJA (LA);II. CIBERCRIMINALIDAD (infracciones penales cometidas en/por medio ciber);enero-septiembre 2024;1.710
RIOJA (LA);II. CIBERCRIMINALIDAD (infracciones penales cometidas en/por medio ciber);enero-septiembre 2025;2.175
RIOJA (LA);II. CIBERCRIMINALIDAD (infracciones penales cometidas en/por medio ciber);Variación % 2025/2024;27,2
RIOJA (LA);12.-Estafas informáticas;enero-septiembre 2024;1.367
RIOJA (LA);12.-Estafas informáticas;enero-septiembre 2025;1.802
RIOJA (LA);12.-Estafas informáticas;Variación % 2025/2024;31,8
RIOJA (LA);13.-Otros ciberdelitos;enero-septiembre 2024;343
RIOJA (LA);13.-Otros ciberdelitos;enero-septiembre 2025;373
RIOJA (LA);13.-Otros ciberdelitos;Variación % 2025/2024;8,7
RIOJA (LA);III. TOTAL INFRACCIONES PENALES;enero-septiembre 2024;9.025
RIOJA (LA);III. TOTAL INFRACCIONES PENALES;enero-septiembre 2025;9.019
RIOJA (LA);III. TOTAL INFRACCIONES PENALES;Variación % 2025/2024;-0,1
CIUDAD AUTÓNOMA DE CEUTA;I. CRIMINALIDAD CONVENCIONAL;enero-septiembre 2024;2.161
CIUDAD AUTÓNOMA DE CEUTA;I. CRIMINALIDAD CONVENCIONAL;enero-septiembre 2025;2.225
CIUDAD AUTÓNOMA DE CEUTA;I. CRIMINALIDAD CONVENCIONAL;Variación % 2025/2024;3,0
CIUDAD AUTÓNOMA DE CEUTA;1. Homicidios dolosos y asesinatos consumados;enero-septiembre 2024;0
CIUDAD AUTÓNOMA DE CEUTA;1. Homicidios dolosos y asesinatos consumados;enero-septiembre 2025;0
CIUDAD AUTÓNOMA DE CEUTA;1. Homicidios dolosos y asesinatos consumados;Variación % 2025/2024;0,0
CIUDAD AUTÓNOMA DE CEUTA;2. Homicidios dolosos y asesinatos en grado tentativa;enero-septiembre 2024;7
CIUDAD AUTÓNOMA DE CEUTA;2. Homicidios dolosos y asesinatos en grado tentativa;enero-septiembre 2025;11
CIUDAD AUTÓNOMA DE CEUTA;2. Homicidios dolosos y asesinatos en grado tentativa;Variación % 2025/2024;57,1
CIUDAD AUTÓNOMA DE CEUTA;3. Delitos graves y menos graves de lesiones y riña tumultuaria;enero-septiembre 2024;53
CIUDAD AUTÓNOMA DE CEUTA;3. Delitos graves y menos graves de lesiones y riña tumultuaria;enero-septiembre 2025;64
CIUDAD AUTÓNOMA DE CEUTA;3. Delitos graves y menos graves de lesiones y riña tumultuaria;Variación % 2025/2024;20,8
CIUDAD AUTÓNOMA DE CEUTA;4. Secuestro;enero-septiembre 2024;0
CIUDAD AUTÓNOMA DE CEUTA;4. Secuestro;enero-septiembre 2025;1
CIUDAD AUTÓNOMA DE CEUTA;4. Secuestro;Variación % 2025/2024;100,0
CIUDAD AUTÓNOMA DE CEUTA;5. Delitos contra la libertad sexual;enero-septiembre 2024;41
CIUDAD AUTÓNOMA DE CEUTA;5. Delitos contra la libertad sexual;enero-septiembre 2025;42
CIUDAD AUTÓNOMA DE CEUTA;5. Delitos contra la libertad sexual;Variación % 2025/2024;2,4
CIUDAD AUTÓNOMA DE CEUTA;5.1.-Agresión sexual con penetración;enero-septiembre 2024;5
CIUDAD AUTÓNOMA DE CEUTA;5.1.-Agresión sexual con penetración;enero-septiembre 2025;8
CIUDAD AUTÓNOMA DE CEUTA;5.1.-Agresión sexual con penetración;Variación % 2025/2024;60,0
CIUDAD AUTÓNOMA DE CEUTA;5.2.-Resto de delitos contra la libertad sexual;enero-septiembre 2024;36
CIUDAD AUTÓNOMA DE CEUTA;5.2.-Resto de delitos contra la libertad sexual;enero-septiembre 2025;34
CIUDAD AUTÓNOMA DE CEUTA;5.2.-Resto de delitos contra la libertad sexual;Variación % 2025/2024;-5,6
CIUDAD AUTÓNOMA DE CEUTA;6. Robos con violencia e intimidación;enero-septiembre 2024;85
CIUDAD AUTÓNOMA DE CEUTA;6. Robos con violencia e intimidación;enero-septiembre 2025;73
CIUDAD AUTÓNOMA DE CEUTA;6. Robos con violencia e intimidación;Variación % 2025/2024;-14,1
CIUDAD AUTÓNOMA DE CEUTA;7. Robos con fuerza en domicilios, establecimientos y otras instalaciones;enero-septiembre 2024;23
CIUDAD AUTÓNOMA DE CEUTA;7. Robos con fuerza en domicilios, establecimientos y otras instalaciones;enero-septiembre 2025;25
CIUDAD AUTÓNOMA DE CEUTA;7. Robos con fuerza en domicilios, establecimientos y otras instalaciones;Variación % 2025/2024;8,7
CIUDAD AUTÓNOMA DE CEUTA;7.1.-Robos con fuerza en domicilios;enero-septiembre 2024;18
CIUDAD AUTÓNOMA DE CEUTA;7.1.-Robos con fuerza en domicilios;enero-septiembre 2025;16
CIUDAD AUTÓNOMA DE CEUTA;7.1.-Robos con fuerza en domicilios;Variación % 2025/2024;-11,1
CIUDAD AUTÓNOMA DE CEUTA;8. Hurtos;enero-septiembre 2024;398
CIUDAD AUTÓNOMA DE CEUTA;8. Hurtos;enero-septiembre 2025;252
CIUDAD AUTÓNOMA DE CEUTA;8. Hurtos;Variación % 2025/2024;-36,7
CIUDAD AUTÓNOMA DE CEUTA;9. Sustracciones de vehículos;enero-septiembre 2024;79
CIUDAD AUTÓNOMA DE CEUTA;9. Sustracciones de vehículos;enero-septiembre 2025;80
CIUDAD AUTÓNOMA DE CEUTA;9. Sustracciones de vehículos;Variación % 2025/2024;1,3
CIUDAD AUTÓNOMA DE CEUTA;10. Tráfico de drogas;enero-septiembre 2024;74
CIUDAD AUTÓNOMA DE CEUTA;10. Tráfico de drogas;enero-septiembre 2025;166
CIUDAD AUTÓNOMA DE CEUTA;10. Tráfico de drogas;Variación % 2025/2024;124,3
CIUDAD AUTÓNOMA DE CEUTA;11. Resto de criminalidad convencional;enero-septiembre 2024;1.401
CIUDAD AUTÓNOMA DE CEUTA;11. Resto de criminalidad convencional;enero-septiembre 2025;1.511
CIUDAD AUTÓNOMA DE CEUTA;11. Resto de criminalidad convencional;Variación % 2025/2024;7,9
CIUDAD AUTÓNOMA DE CEUTA;II. CIBERCRIMINALIDAD (infracciones penales cometidas en/por medio ciber);enero-septiembre 2024;427
CIUDAD AUTÓNOMA DE CEUTA;II. CIBERCRIMINALIDAD (infracciones penales cometidas en/por medio ciber);enero-septiembre 2025;483
CIUDAD AUTÓNOMA DE CEUTA;II. CIBERCRIMINALIDAD (infracciones penales cometidas en/por medio ciber);Variación % 2025/2024;13,1
CIUDAD AUTÓNOMA DE CEUTA;12.-Estafas informáticas;enero-septiembre 2024;363
CIUDAD AUTÓNOMA DE CEUTA;12.-Estafas informáticas;enero-septiembre 2025;388
CIUDAD AUTÓNOMA DE CEUTA;12.-Estafas informáticas;Variación % 2025/2024;6,9
CIUDAD AUTÓNOMA DE CEUTA;13.-Otros ciberdelitos;enero-septiembre 2024;64
CIUDAD AUTÓNOMA DE CEUTA;13.-Otros ciberdelitos;enero-septiembre 2025;95
CIUDAD AUTÓNOMA DE CEUTA;13.-Otros ciberdelitos;Variación % 2025/2024;48,4
CIUDAD AUTÓNOMA DE CEUTA;III. TOTAL INFRACCIONES PENALES;enero-septiembre 2024;2.588
CIUDAD AUTÓNOMA DE CEUTA;III. TOTAL INFRACCIONES PENALES;enero-septiembre 2025;2.708
CIUDAD AUTÓNOMA DE CEUTA;III. TOTAL INFRACCIONES PENALES;Variación % 2025/2024;4,6
CIUDAD AUTÓNOMA DE MELILLA;I. CRIMINALIDAD CONVENCIONAL;enero-septiembre 2024;2.806
CIUDAD AUTÓNOMA DE MELILLA;I. CRIMINALIDAD CONVENCIONAL;enero-septiembre 2025;2.814
CIUDAD AUTÓNOMA DE MELILLA;I. CRIMINALIDAD CONVENCIONAL;Variación % 2025/2024;0,3
CIUDAD AUTÓNOMA DE MELILLA;1. Homicidios dolosos y asesinatos consumados;enero-septiembre 2024;0
CIUDAD AUTÓNOMA DE MELILLA;1. Homicidios dolosos y asesinatos consumados;enero-septiembre 2025;0
CIUDAD AUTÓNOMA DE MELILLA;1. Homicidios dolosos y asesinatos consumados;Variación % 2025/2024;0,0
CIUDAD AUTÓNOMA DE MELILLA;2. Homicidios dolosos y asesinatos en grado tentativa;enero-septiembre 2024;1
CIUDAD AUTÓNOMA DE MELILLA;2. Homicidios dolosos y asesinatos en grado tentativa;enero-septiembre 2025;2
CIUDAD AUTÓNOMA DE MELILLA;2. Homicidios dolosos y asesinatos en grado tentativa;Variación % 2025/2024;100,0
CIUDAD AUTÓNOMA DE MELILLA;3. Delitos graves y menos graves de lesiones y riña tumultuaria;enero-septiembre 2024;76
CIUDAD AUTÓNOMA DE MELILLA;3. Delitos graves y menos graves de lesiones y riña tumultuaria;enero-septiembre 2025;58
CIUDAD AUTÓNOMA DE MELILLA;3. Delitos graves y menos graves de lesiones y riña tumultuaria;Variación % 2025/2024;-23,7
CIUDAD AUTÓNOMA DE MELILLA;4. Secuestro;enero-septiembre 2024;1
CIUDAD AUTÓNOMA DE MELILLA;4. Secuestro;enero-septiembre 2025;0
CIUDAD AUTÓNOMA DE MELILLA;4. Secuestro;Variación % 2025/2024;-100,0
CIUDAD AUTÓNOMA DE MELILLA;5. Delitos contra la libertad sexual;enero-septiembre 2024;27
CIUDAD AUTÓNOMA DE MELILLA;5. Delitos contra la libertad sexual;enero-septiembre 2025;25
CIUDAD AUTÓNOMA DE MELILLA;5. Delitos contra la libertad sexual;Variación % 2025/2024;-7,4
CIUDAD AUTÓNOMA DE MELILLA;5.1.-Agresión sexual con penetración;enero-septiembre 2024;7
CIUDAD AUTÓNOMA DE MELILLA;5.1.-Agresión sexual con penetración;enero-septiembre 2025;7
CIUDAD AUTÓNOMA DE MELILLA;5.1.-Agresión sexual con penetración;Variación % 2025/2024;0,0
CIUDAD AUTÓNOMA DE MELILLA;5.2.-Resto de delitos contra la libertad sexual;enero-septiembre 2024;20
CIUDAD AUTÓNOMA DE MELILLA;5.2.-Resto de delitos contra la libertad sexual;enero-septiembre 2025;18
CIUDAD AUTÓNOMA DE MELILLA;5.2.-Resto de delitos contra la libertad sexual;Variación % 2025/2024;-10,0
CIUDAD AUTÓNOMA DE MELILLA;6. Robos con violencia e intimidación;enero-septiembre 2024;75
CIUDAD AUTÓNOMA DE MELILLA;6. Robos con violencia e intimidación;enero-septiembre 2025;83
CIUDAD AUTÓNOMA DE MELILLA;6. Robos con violencia e intimidación;Variación % 2025/2024;10,7
CIUDAD AUTÓNOMA DE MELILLA;7. Robos con fuerza en domicilios, establecimientos y otras instalaciones;enero-septiembre 2024;60
CIUDAD AUTÓNOMA DE MELILLA;7. Robos con fuerza en domicilios, establecimientos y otras instalaciones;enero-septiembre 2025;52
CIUDAD AUTÓNOMA DE MELILLA;7. Robos con fuerza en domicilios, establecimientos y otras instalaciones;Variación % 2025/2024;-13,3
CIUDAD AUTÓNOMA DE MELILLA;7.1.-Robos con fuerza en domicilios;enero-septiembre 2024;27
CIUDAD AUTÓNOMA DE MELILLA;7.1.-Robos con fuerza en domicilios;enero-septiembre 2025;26
CIUDAD AUTÓNOMA DE MELILLA;7.1.-Robos con fuerza en domicilios;Variación % 2025/2024;-3,7
CIUDAD AUTÓNOMA DE MELILLA;8. Hurtos;enero-septiembre 2024;502
CIUDAD AUTÓNOMA DE MELILLA;8. Hurtos;enero-septiembre 2025;485
CIUDAD AUTÓNOMA DE MELILLA;8. Hurtos;Variación % 2025/2024;-3,4
CIUDAD AUTÓNOMA DE MELILLA;9. Sustracciones de vehículos;enero-septiembre 2024;41
CIUDAD AUTÓNOMA DE MELILLA;9. Sustracciones de vehículos;enero-septiembre 2025;31
CIUDAD AUTÓNOMA DE MELILLA;9. Sustracciones de vehículos;Variación % 2025/2024;-24,4
CIUDAD AUTÓNOMA DE MELILLA;10. Tráfico de drogas;enero-septiembre 2024;29
CIUDAD AUTÓNOMA DE MELILLA;10. Tráfico de drogas;enero-septiembre 2025;70
CIUDAD AUTÓNOMA DE MELILLA;10. Tráfico de drogas;Variación % 2025/2024;141,4
CIUDAD AUTÓNOMA DE MELILLA;11. Resto de criminalidad convencional;enero-septiembre 2024;1.994
CIUDAD AUTÓNOMA DE MELILLA;11. Resto de criminalidad convencional;enero-septiembre 2025;2.008
CIUDAD AUTÓNOMA DE MELILLA;11. Resto de criminalidad convencional;Variación % 2025/2024;0,7
CIUDAD AUTÓNOMA DE MELILLA;II. CIBERCRIMINALIDAD (infracciones penales cometidas en/por medio ciber);enero-septiembre 2024;392
CIUDAD AUTÓNOMA DE MELILLA;II. CIBERCRIMINALIDAD (infracciones penales cometidas en/por medio ciber);enero-septiembre 2025;446
CIUDAD AUTÓNOMA DE MELILLA;II. CIBERCRIMINALIDAD (infracciones penales cometidas en/por medio ciber);Variación % 2025/2024;13,8
CIUDAD AUTÓNOMA DE MELILLA;12.-Estafas informáticas;enero-septiembre 2024;330
CIUDAD AUTÓNOMA DE MELILLA;12.-Estafas informáticas;enero-septiembre 2025;355
CIUDAD AUTÓNOMA DE MELILLA;12.-Estafas informáticas;Variación % 2025/2024;7,6
CIUDAD AUTÓNOMA DE MELILLA;13.-Otros ciberdelitos;enero-septiembre 2024;62
CIUDAD AUTÓNOMA DE MELILLA;13.-Otros ciberdelitos;enero-septiembre 2025;91
CIUDAD AUTÓNOMA DE MELILLA;13.-Otros ciberdelitos;Variación % 2025/2024;46,8
CIUDAD AUTÓNOMA DE MELILLA;III. TOTAL INFRACCIONES PENALES;enero-septiembre 2024;3.198
CIUDAD AUTÓNOMA DE MELILLA;III. TOTAL INFRACCIONES PENALES;enero-septiembre 2025;3.260
CIUDAD AUTÓNOMA DE MELILLA;III. TOTAL INFRACCIONES PENALES;Variación % 2025/2024;1,9
EN EL EXTRANJERO;I. CRIMINALIDAD CONVENCIONAL;enero-septiembre 2024;3.887
EN EL EXTRANJERO;I. CRIMINALIDAD CONVENCIONAL;enero-septiembre 2025;3.782
EN EL EXTRANJERO;I. CRIMINALIDAD CONVENCIONAL;Variación % 2025/2024;-2,7
EN EL EXTRANJERO;1. Homicidios dolosos y asesinatos consumados;enero-septiembre 2024;0
EN EL EXTRANJERO;1. Homicidios dolosos y asesinatos consumados;enero-septiembre 2025;0
EN EL EXTRANJERO;1. Homicidios dolosos y asesinatos consumados;Variación % 2025/2024;0,0
EN EL EXTRANJERO;2. Homicidios dolosos y asesinatos en grado tentativa;enero-septiembre 2024;0
EN EL EXTRANJERO;2. Homicidios dolosos y asesinatos en grado tentativa;enero-septiembre 2025;0
EN EL EXTRANJERO;2. Homicidios dolosos y asesinatos en grado tentativa;Variación % 2025/2024;0,0
EN EL EXTRANJERO;3. Delitos graves y menos graves de lesiones y riña tumultuaria;enero-septiembre 2024;6
EN EL EXTRANJERO;3. Delitos graves y menos graves de lesiones y riña tumultuaria;enero-septiembre 2025;15
EN EL EXTRANJERO;3. Delitos graves y menos graves de lesiones y riña tumultuaria;Variación % 2025/2024;150,0
EN EL EXTRANJERO;4. Secuestro;enero-septiembre 2024;8
EN EL EXTRANJERO;4. Secuestro;enero-septiembre 2025;4
EN EL EXTRANJERO;4. Secuestro;Variación % 2025/2024;-50,0
EN EL EXTRANJERO;5. Delitos contra la libertad sexual;enero-septiembre 2024;65
EN EL EXTRANJERO;5. Delitos contra la libertad sexual;enero-septiembre 2025;67
EN EL EXTRANJERO;5. Delitos contra la libertad sexual;Variación % 2025/2024;3,1
EN EL EXTRANJERO;5.1.-Agresión sexual con penetración;enero-septiembre 2024;23
EN EL EXTRANJERO;5.1.-Agresión sexual con penetración;enero-septiembre 2025;20
EN EL EXTRANJERO;5.1.-Agresión sexual con penetración;Variación % 2025/2024;-13,0
EN EL EXTRANJERO;5.2.-Resto de delitos contra la libertad sexual;enero-septiembre 2024;42
EN EL EXTRANJERO;5.2.-Resto de delitos contra la libertad sexual;enero-septiembre 2025;47
EN EL EXTRANJERO;5.2.-Resto de delitos contra la libertad sexual;Variación % 2025/2024;11,9
EN EL EXTRANJERO;6. Robos con violencia e intimidación;enero-septiembre 2024;168
EN EL EXTRANJERO;6. Robos con violencia e intimidación;enero-septiembre 2025;129
EN EL EXTRANJERO;6. Robos con violencia e intimidación;Variación % 2025/2024;-23,2
EN EL EXTRANJERO;7. Robos con fuerza en domicilios, establecimientos y otras instalaciones;enero-septiembre 2024;18
EN EL EXTRANJERO;7. Robos con fuerza en domicilios, establecimientos y otras instalaciones;enero-septiembre 2025;20
EN EL EXTRANJERO;7. Robos con fuerza en domicilios, establecimientos y otras instalaciones;Variación % 2025/2024;11,1
EN EL EXTRANJERO;7.1.-Robos con fuerza en domicilios;enero-septiembre 2024;12
EN EL EXTRANJERO;7.1.-Robos con fuerza en domicilios;enero-septiembre 2025;19
EN EL EXTRANJERO;7.1.-Robos con fuerza en domicilios;Variación % 2025/2024;58,3
EN EL EXTRANJERO;8. Hurtos;enero-septiembre 2024;1.912
EN EL EXTRANJERO;8. Hurtos;enero-septiembre 2025;1.750
EN EL EXTRANJERO;8. Hurtos;Variación % 2025/2024;-8,5
EN EL EXTRANJERO;9. Sustracciones de vehículos;enero-septiembre 2024;74
EN EL EXTRANJERO;9. Sustracciones de vehículos;enero-septiembre 2025;89
EN EL EXTRANJERO;9. Sustracciones de vehículos;Variación % 2025/2024;20,3
EN EL EXTRANJERO;10. Tráfico de drogas;enero-septiembre 2024;56
EN EL EXTRANJERO;10. Tráfico de drogas;enero-septiembre 2025;30
EN EL EXTRANJERO;10. Tráfico de drogas;Variación % 2025/2024;-46,4
EN EL EXTRANJERO;11. Resto de criminalidad convencional;enero-septiembre 2024;1.580
EN EL EXTRANJERO;11. Resto de criminalidad convencional;enero-septiembre 2025;1.678
EN EL EXTRANJERO;11. Resto de criminalidad convencional;Variación % 2025/2024;6,2
EN EL EXTRANJERO;II. CIBERCRIMINALIDAD (infracciones penales cometidas en/por medio ciber);enero-septiembre 2024;2.671
EN EL EXTRANJERO;II. CIBERCRIMINALIDAD (infracciones penales cometidas en/por medio ciber);enero-septiembre 2025;2.011
EN EL EXTRANJERO;II. CIBERCRIMINALIDAD (infracciones penales cometidas en/por medio ciber);Variación % 2025/2024;-24,7
EN EL EXTRANJERO;12.-Estafas informáticas;enero-septiembre 2024;2.516
EN EL EXTRANJERO;12.-Estafas informáticas;enero-septiembre 2025;1.888
EN EL EXTRANJERO;12.-Estafas informáticas;Variación % 2025/2024;-25,0
EN EL EXTRANJERO;13.-Otros ciberdelitos;enero-septiembre 2024;155
EN EL EXTRANJERO;13.-Otros ciberdelitos;enero-septiembre 2025;123
EN EL EXTRANJERO;13.-Otros ciberdelitos;Variación % 2025/2024;-20,6
EN EL EXTRANJERO;III. TOTAL INFRACCIONES PENALES;enero-septiembre 2024;6.558
EN EL EXTRANJERO;III. TOTAL INFRACCIONES PENALES;enero-septiembre 2025;5.793
EN EL EXTRANJERO;III. TOTAL INFRACCIONES PENALES;Variación % 2025/2024;-11,7
